I:\VIDEO_DATA\2020_Data\PD\VIDEO\Greyscale\JP_Accord\FE\20201120\accord_jp_tp_pd_asphalt_markings_a95m_lowlight_cloudywithoutprecipitation_buildingclutter_2_rvs_pedestrian_1-5_na_na_1.07klux_20201120_325.vid,1,391
I:\VIDEO_DATA\2020_Data\PD\VIDEO\Greyscale\JP_Accord\FE\20201120\accord_jp_tp_pd_asphalt_markings_a95m_lowlight_cloudywithoutprecipitation_buildingclutter_2_rvs_pedestrian_1-5_na_na_1.07klux_20201120_326.vid,1,431
I:\VIDEO_DATA\2020_Data\PD\VIDEO\Greyscale\JP_Accord\FE\20201120\accord_jp_tp_pd_asphalt_markings_a95m_lowlight_cloudywithoutprecipitation_buildingclutter_2_rvs_pedestrian_1-5_na_na_1.07klux_20201120_327.vid,1,471
I:\VIDEO_DATA\2020_Data\PD\VIDEO\Greyscale\JP_Accord\FE\20201120\accord_jp_tp_pd_asphalt_markings_a95m_lowlight_cloudywithoutprecipitation_buildingclutter_2_rvs_pedestrian_1-5_na_na_1.07klux_20201120_328.vid,1,401
I:\VIDEO_DATA\2020_Data\PD\VIDEO\Greyscale\JP_Accord\FE\20201120\accord_jp_tp_pd_asphalt_markings_a95m_lowlight_cloudywithoutprecipitation_buildingclutter_2_rvs_pedestrian_1-5_na_na_1.07klux_20201120_329.vid,1,411
I:\VIDEO_DATA\2020_Data\PD\VIDEO\Greyscale\JP_Accord\FE\20201120\accord_jp_tp_pd_asphalt_markings_a95m_lowlight_cloudywithoutprecipitation_buildingclutter_2_rvs_pedestrian_1-5_na_na_1.07klux_20201120_330.vid,1,411
I:\VIDEO_DATA\2020_Data\PD\VIDEO\Greyscale\JP_Accord\FE\20201120\accord_jp_tp_pd_asphalt_markings_a95m_lowlight_cloudywithoutprecipitation_buildingclutter_2_rvs_pedestrian_1-5_na_na_1.07klux_20201120_331.vid,1,411
I:\VIDEO_DATA\2020_Data\PD\VIDEO\Greyscale\JP_Accord\FE\20201120\accord_jp_tp_pd_asphalt_markings_a95m_lowlight_cloudywithoutprecipitation_buildingclutter_2_rvs_pedestrian_1-5_na_na_1.07klux_20201120_332.vid,1,411
I:\VIDEO_DATA\2020_Data\PD\VIDEO\Greyscale\JP_Accord\FE\20201120\accord_jp_tp_pd_asphalt_markings_a95m_lowlight_cloudywithoutprecipitation_buildingclutter_2_rvs_pedestrian_1-5_na_na_1.07klux_20201120_333.vid,1,431
I:\VIDEO_DATA\2020_Data\PD\VIDEO\Greyscale\JP_Accord\FE\20201120\accord_jp_tp_pd_asphalt_markings_a95m_lowlight_cloudywithoutprecipitation_buildingclutter_2_rvs_pedestrian_1-5_na_na_1.07klux_20201120_334.vid,1,441
I:\VIDEO_DATA\2020_Data\PD\VIDEO\Greyscale\JP_Accord\FE\20201120\accord_jp_tp_pd_asphalt_markings_a95m_lowlight_cloudywithoutprecipitation_buildingclutter_2_rvs_pedestrian_1-5_na_na_1.07klux_20201120_335.vid,1,341
I:\VIDEO_DATA\2020_Data\PD\VIDEO\Greyscale\JP_Accord\FE\20201120\accord_jp_tp_pd_asphalt_markings_a95m_lowlight_cloudywithoutprecipitation_buildingclutter_2_rvs_pedestrian_1-5_na_na_1.07klux_20201120_336.vid,1,411
I:\VIDEO_DATA\2020_Data\PD\VIDEO\Greyscale\JP_Accord\FE\20201120\accord_jp_tp_pd_asphalt_markings_a95m_lowlight_cloudywithoutprecipitation_buildingclutter_2_rvs_pedestrian_1-5_na_na_1.62klux_20201120_313.vid,1,361
I:\VIDEO_DATA\2020_Data\PD\VIDEO\Greyscale\JP_Accord\FE\20201120\accord_jp_tp_pd_asphalt_markings_a95m_lowlight_cloudywithoutprecipitation_buildingclutter_2_rvs_pedestrian_1-5_na_na_1.62klux_20201120_314.vid,1,381
I:\VIDEO_DATA\2020_Data\PD\VIDEO\Greyscale\JP_Accord\FE\20201120\accord_jp_tp_pd_asphalt_markings_a95m_lowlight_cloudywithoutprecipitation_buildingclutter_2_rvs_pedestrian_1-5_na_na_1.62klux_20201120_315.vid,1,401
I:\VIDEO_DATA\2020_Data\PD\VIDEO\Greyscale\JP_Accord\FE\20201120\accord_jp_tp_pd_asphalt_markings_a95m_lowlight_cloudywithoutprecipitation_buildingclutter_2_rvs_pedestrian_1-5_na_na_1.62klux_20201120_316.vid,1,371
I:\VIDEO_DATA\2020_Data\PD\VIDEO\Greyscale\JP_Accord\FE\20201120\accord_jp_tp_pd_asphalt_markings_a95m_lowlight_cloudywithoutprecipitation_buildingclutter_2_rvs_pedestrian_1-5_na_na_1.62klux_20201120_317.vid,1,311
I:\VIDEO_DATA\2020_Data\PD\VIDEO\Greyscale\JP_Accord\FE\20201120\accord_jp_tp_pd_asphalt_markings_a95m_lowlight_cloudywithoutprecipitation_buildingclutter_2_rvs_pedestrian_1-5_na_na_1.62klux_20201120_318.vid,1,341
I:\VIDEO_DATA\2020_Data\PD\VIDEO\Greyscale\JP_Accord\FE\20201120\accord_jp_tp_pd_asphalt_markings_a95m_lowlight_cloudywithoutprecipitation_buildingclutter_2_rvs_pedestrian_1-5_na_na_1.62klux_20201120_319.vid,1,391
I:\VIDEO_DATA\2020_Data\PD\VIDEO\Greyscale\JP_Accord\FE\20201120\accord_jp_tp_pd_asphalt_markings_a95m_lowlight_cloudywithoutprecipitation_buildingclutter_2_rvs_pedestrian_1-5_na_na_1.62klux_20201120_320.vid,1,341
I:\VIDEO_DATA\2020_Data\PD\VIDEO\Greyscale\JP_Accord\FE\20201120\accord_jp_tp_pd_asphalt_markings_a95m_lowlight_cloudywithoutprecipitation_buildingclutter_2_rvs_pedestrian_1-5_na_na_1.62klux_20201120_321.vid,1,361
I:\VIDEO_DATA\2020_Data\PD\VIDEO\Greyscale\JP_Accord\FE\20201120\accord_jp_tp_pd_asphalt_markings_a95m_lowlight_cloudywithoutprecipitation_buildingclutter_2_rvs_pedestrian_1-5_na_na_1.62klux_20201120_322.vid,1,341
I:\VIDEO_DATA\2020_Data\PD\VIDEO\Greyscale\JP_Accord\FE\20201120\accord_jp_tp_pd_asphalt_markings_a95m_lowlight_cloudywithoutprecipitation_buildingclutter_2_rvs_pedestrian_1-5_na_na_1.62klux_20201120_323.vid,1,381
I:\VIDEO_DATA\2020_Data\PD\VIDEO\Greyscale\JP_Accord\FE\20201120\accord_jp_tp_pd_asphalt_markings_a95m_lowlight_cloudywithoutprecipitation_buildingclutter_2_rvs_pedestrian_1-5_na_na_1.62klux_20201120_324.vid,1,381
I:\VIDEO_DATA\2020_Data\PD\VIDEO\Greyscale\JP_Accord\FE\20201120\accord_jp_tp_pd_asphalt_markings_a95m_lowlight_cloudywithoutprecipitation_buildingclutter_2_rvs_pedestrian_1-5_na_na_10.8klux_20201120_217.vid,1,461
I:\VIDEO_DATA\2020_Data\PD\VIDEO\Greyscale\JP_Accord\FE\20201120\accord_jp_tp_pd_asphalt_markings_a95m_lowlight_cloudywithoutprecipitation_buildingclutter_2_rvs_pedestrian_1-5_na_na_10.8klux_20201120_218.vid,1,431
I:\VIDEO_DATA\2020_Data\PD\VIDEO\Greyscale\JP_Accord\FE\20201120\accord_jp_tp_pd_asphalt_markings_a95m_lowlight_cloudywithoutprecipitation_buildingclutter_2_rvs_pedestrian_1-5_na_na_10.8klux_20201120_219.vid,1,451
I:\VIDEO_DATA\2020_Data\PD\VIDEO\Greyscale\JP_Accord\FE\20201120\accord_jp_tp_pd_asphalt_markings_a95m_lowlight_cloudywithoutprecipitation_buildingclutter_2_rvs_pedestrian_1-5_na_na_10.8klux_20201120_220.vid,1,441
I:\VIDEO_DATA\2020_Data\PD\VIDEO\Greyscale\JP_Accord\FE\20201120\accord_jp_tp_pd_asphalt_markings_a95m_lowlight_cloudywithoutprecipitation_buildingclutter_2_rvs_pedestrian_1-5_na_na_10.8klux_20201120_221.vid,1,521
I:\VIDEO_DATA\2020_Data\PD\VIDEO\Greyscale\JP_Accord\FE\20201120\accord_jp_tp_pd_asphalt_markings_a95m_lowlight_cloudywithoutprecipitation_buildingclutter_2_rvs_pedestrian_1-5_na_na_10.8klux_20201120_222.vid,1,401
I:\VIDEO_DATA\2020_Data\PD\VIDEO\Greyscale\JP_Accord\FE\20201120\accord_jp_tp_pd_asphalt_markings_a95m_lowlight_cloudywithoutprecipitation_buildingclutter_2_rvs_pedestrian_1-5_na_na_10.8klux_20201120_223.vid,1,441
I:\VIDEO_DATA\2020_Data\PD\VIDEO\Greyscale\JP_Accord\FE\20201120\accord_jp_tp_pd_asphalt_markings_a95m_lowlight_cloudywithoutprecipitation_buildingclutter_2_rvs_pedestrian_1-5_na_na_10.8klux_20201120_224.vid,1,441
I:\VIDEO_DATA\2020_Data\PD\VIDEO\Greyscale\JP_Accord\FE\20201120\accord_jp_tp_pd_asphalt_markings_a95m_lowlight_cloudywithoutprecipitation_buildingclutter_2_rvs_pedestrian_1-5_na_na_10.8klux_20201120_225.vid,1,441
I:\VIDEO_DATA\2020_Data\PD\VIDEO\Greyscale\JP_Accord\FE\20201120\accord_jp_tp_pd_asphalt_markings_a95m_lowlight_cloudywithoutprecipitation_buildingclutter_2_rvs_pedestrian_1-5_na_na_10.8klux_20201120_226.vid,1,461
I:\VIDEO_DATA\2020_Data\PD\VIDEO\Greyscale\JP_Accord\FE\20201120\accord_jp_tp_pd_asphalt_markings_a95m_lowlight_cloudywithoutprecipitation_buildingclutter_2_rvs_pedestrian_1-5_na_na_10.8klux_20201120_227.vid,1,451
I:\VIDEO_DATA\2020_Data\PD\VIDEO\Greyscale\JP_Accord\FE\20201120\accord_jp_tp_pd_asphalt_markings_a95m_lowlight_cloudywithoutprecipitation_buildingclutter_2_rvs_pedestrian_1-5_na_na_10.8klux_20201120_228.vid,1,431
I:\VIDEO_DATA\2020_Data\PD\VIDEO\Greyscale\JP_Accord\FE\20201120\accord_jp_tp_pd_asphalt_markings_a95m_lowlight_cloudywithoutprecipitation_buildingclutter_2_rvs_pedestrian_1-5_na_na_13.5klux_20201120_037.vid,1,381
I:\VIDEO_DATA\2020_Data\PD\VIDEO\Greyscale\JP_Accord\FE\20201120\accord_jp_tp_pd_asphalt_markings_a95m_lowlight_cloudywithoutprecipitation_buildingclutter_2_rvs_pedestrian_1-5_na_na_13.5klux_20201120_038.vid,1,361
I:\VIDEO_DATA\2020_Data\PD\VIDEO\Greyscale\JP_Accord\FE\20201120\accord_jp_tp_pd_asphalt_markings_a95m_lowlight_cloudywithoutprecipitation_buildingclutter_2_rvs_pedestrian_1-5_na_na_13.5klux_20201120_039.vid,1,391
I:\VIDEO_DATA\2020_Data\PD\VIDEO\Greyscale\JP_Accord\FE\20201120\accord_jp_tp_pd_asphalt_markings_a95m_lowlight_cloudywithoutprecipitation_buildingclutter_2_rvs_pedestrian_1-5_na_na_13.5klux_20201120_040.vid,1,361
I:\VIDEO_DATA\2020_Data\PD\VIDEO\Greyscale\JP_Accord\FE\20201120\accord_jp_tp_pd_asphalt_markings_a95m_lowlight_cloudywithoutprecipitation_buildingclutter_2_rvs_pedestrian_1-5_na_na_13.5klux_20201120_041.vid,1,341
I:\VIDEO_DATA\2020_Data\PD\VIDEO\Greyscale\JP_Accord\FE\20201120\accord_jp_tp_pd_asphalt_markings_a95m_lowlight_cloudywithoutprecipitation_buildingclutter_2_rvs_pedestrian_1-5_na_na_13.5klux_20201120_042.vid,1,321
I:\VIDEO_DATA\2020_Data\PD\VIDEO\Greyscale\JP_Accord\FE\20201120\accord_jp_tp_pd_asphalt_markings_a95m_lowlight_cloudywithoutprecipitation_buildingclutter_2_rvs_pedestrian_1-5_na_na_13.5klux_20201120_043.vid,1,331
I:\VIDEO_DATA\2020_Data\PD\VIDEO\Greyscale\JP_Accord\FE\20201120\accord_jp_tp_pd_asphalt_markings_a95m_lowlight_cloudywithoutprecipitation_buildingclutter_2_rvs_pedestrian_1-5_na_na_13.5klux_20201120_044.vid,1,341
I:\VIDEO_DATA\2020_Data\PD\VIDEO\Greyscale\JP_Accord\FE\20201120\accord_jp_tp_pd_asphalt_markings_a95m_lowlight_cloudywithoutprecipitation_buildingclutter_2_rvs_pedestrian_1-5_na_na_13.5klux_20201120_045.vid,1,311
I:\VIDEO_DATA\2020_Data\PD\VIDEO\Greyscale\JP_Accord\FE\20201120\accord_jp_tp_pd_asphalt_markings_a95m_lowlight_cloudywithoutprecipitation_buildingclutter_2_rvs_pedestrian_1-5_na_na_13.5klux_20201120_046.vid,1,361
I:\VIDEO_DATA\2020_Data\PD\VIDEO\Greyscale\JP_Accord\FE\20201120\accord_jp_tp_pd_asphalt_markings_a95m_lowlight_cloudywithoutprecipitation_buildingclutter_2_rvs_pedestrian_1-5_na_na_13.5klux_20201120_047.vid,1,391
I:\VIDEO_DATA\2020_Data\PD\VIDEO\Greyscale\JP_Accord\FE\20201120\accord_jp_tp_pd_asphalt_markings_a95m_lowlight_cloudywithoutprecipitation_buildingclutter_2_rvs_pedestrian_1-5_na_na_13.5klux_20201120_048.vid,1,361
I:\VIDEO_DATA\2020_Data\PD\VIDEO\Greyscale\JP_Accord\FE\20201120\accord_jp_tp_pd_asphalt_markings_a95m_lowlight_cloudywithoutprecipitation_buildingclutter_2_rvs_pedestrian_1-5_na_na_13.9klux_20201120_205.vid,1,361
I:\VIDEO_DATA\2020_Data\PD\VIDEO\Greyscale\JP_Accord\FE\20201120\accord_jp_tp_pd_asphalt_markings_a95m_lowlight_cloudywithoutprecipitation_buildingclutter_2_rvs_pedestrian_1-5_na_na_13.9klux_20201120_206.vid,1,351
I:\VIDEO_DATA\2020_Data\PD\VIDEO\Greyscale\JP_Accord\FE\20201120\accord_jp_tp_pd_asphalt_markings_a95m_lowlight_cloudywithoutprecipitation_buildingclutter_2_rvs_pedestrian_1-5_na_na_13.9klux_20201120_207.vid,1,371
I:\VIDEO_DATA\2020_Data\PD\VIDEO\Greyscale\JP_Accord\FE\20201120\accord_jp_tp_pd_asphalt_markings_a95m_lowlight_cloudywithoutprecipitation_buildingclutter_2_rvs_pedestrian_1-5_na_na_13.9klux_20201120_208.vid,1,351
I:\VIDEO_DATA\2020_Data\PD\VIDEO\Greyscale\JP_Accord\FE\20201120\accord_jp_tp_pd_asphalt_markings_a95m_lowlight_cloudywithoutprecipitation_buildingclutter_2_rvs_pedestrian_1-5_na_na_13.9klux_20201120_209.vid,1,371
I:\VIDEO_DATA\2020_Data\PD\VIDEO\Greyscale\JP_Accord\FE\20201120\accord_jp_tp_pd_asphalt_markings_a95m_lowlight_cloudywithoutprecipitation_buildingclutter_2_rvs_pedestrian_1-5_na_na_13.9klux_20201120_210.vid,1,331
I:\VIDEO_DATA\2020_Data\PD\VIDEO\Greyscale\JP_Accord\FE\20201120\accord_jp_tp_pd_asphalt_markings_a95m_lowlight_cloudywithoutprecipitation_buildingclutter_2_rvs_pedestrian_1-5_na_na_13.9klux_20201120_211.vid,1,381
I:\VIDEO_DATA\2020_Data\PD\VIDEO\Greyscale\JP_Accord\FE\20201120\accord_jp_tp_pd_asphalt_markings_a95m_lowlight_cloudywithoutprecipitation_buildingclutter_2_rvs_pedestrian_1-5_na_na_13.9klux_20201120_212.vid,1,341
I:\VIDEO_DATA\2020_Data\PD\VIDEO\Greyscale\JP_Accord\FE\20201120\accord_jp_tp_pd_asphalt_markings_a95m_lowlight_cloudywithoutprecipitation_buildingclutter_2_rvs_pedestrian_1-5_na_na_13.9klux_20201120_213.vid,1,331
I:\VIDEO_DATA\2020_Data\PD\VIDEO\Greyscale\JP_Accord\FE\20201120\accord_jp_tp_pd_asphalt_markings_a95m_lowlight_cloudywithoutprecipitation_buildingclutter_2_rvs_pedestrian_1-5_na_na_13.9klux_20201120_214.vid,1,331
I:\VIDEO_DATA\2020_Data\PD\VIDEO\Greyscale\JP_Accord\FE\20201120\accord_jp_tp_pd_asphalt_markings_a95m_lowlight_cloudywithoutprecipitation_buildingclutter_2_rvs_pedestrian_1-5_na_na_13.9klux_20201120_215.vid,1,361
I:\VIDEO_DATA\2020_Data\PD\VIDEO\Greyscale\JP_Accord\FE\20201120\accord_jp_tp_pd_asphalt_markings_a95m_lowlight_cloudywithoutprecipitation_buildingclutter_2_rvs_pedestrian_1-5_na_na_13.9klux_20201120_216.vid,1,381
I:\VIDEO_DATA\2020_Data\PD\VIDEO\Greyscale\JP_Accord\FE\20201120\accord_jp_tp_pd_asphalt_markings_a95m_lowlight_cloudywithoutprecipitation_buildingclutter_2_rvs_pedestrian_1-5_na_na_13klux_20201120_109.vid,1,311
I:\VIDEO_DATA\2020_Data\PD\VIDEO\Greyscale\JP_Accord\FE\20201120\accord_jp_tp_pd_asphalt_markings_a95m_lowlight_cloudywithoutprecipitation_buildingclutter_2_rvs_pedestrian_1-5_na_na_13klux_20201120_110.vid,1,301
I:\VIDEO_DATA\2020_Data\PD\VIDEO\Greyscale\JP_Accord\FE\20201120\accord_jp_tp_pd_asphalt_markings_a95m_lowlight_cloudywithoutprecipitation_buildingclutter_2_rvs_pedestrian_1-5_na_na_13klux_20201120_111.vid,1,291
I:\VIDEO_DATA\2020_Data\PD\VIDEO\Greyscale\JP_Accord\FE\20201120\accord_jp_tp_pd_asphalt_markings_a95m_lowlight_cloudywithoutprecipitation_buildingclutter_2_rvs_pedestrian_1-5_na_na_13klux_20201120_112.vid,1,281
I:\VIDEO_DATA\2020_Data\PD\VIDEO\Greyscale\JP_Accord\FE\20201120\accord_jp_tp_pd_asphalt_markings_a95m_lowlight_cloudywithoutprecipitation_buildingclutter_2_rvs_pedestrian_1-5_na_na_13klux_20201120_113.vid,1,291
I:\VIDEO_DATA\2020_Data\PD\VIDEO\Greyscale\JP_Accord\FE\20201120\accord_jp_tp_pd_asphalt_markings_a95m_lowlight_cloudywithoutprecipitation_buildingclutter_2_rvs_pedestrian_1-5_na_na_13klux_20201120_114.vid,1,291
I:\VIDEO_DATA\2020_Data\PD\VIDEO\Greyscale\JP_Accord\FE\20201120\accord_jp_tp_pd_asphalt_markings_a95m_lowlight_cloudywithoutprecipitation_buildingclutter_2_rvs_pedestrian_1-5_na_na_13klux_20201120_115.vid,1,341
I:\VIDEO_DATA\2020_Data\PD\VIDEO\Greyscale\JP_Accord\FE\20201120\accord_jp_tp_pd_asphalt_markings_a95m_lowlight_cloudywithoutprecipitation_buildingclutter_2_rvs_pedestrian_1-5_na_na_13klux_20201120_116.vid,1,331
I:\VIDEO_DATA\2020_Data\PD\VIDEO\Greyscale\JP_Accord\FE\20201120\accord_jp_tp_pd_asphalt_markings_a95m_lowlight_cloudywithoutprecipitation_buildingclutter_2_rvs_pedestrian_1-5_na_na_13klux_20201120_117.vid,1,341
I:\VIDEO_DATA\2020_Data\PD\VIDEO\Greyscale\JP_Accord\FE\20201120\accord_jp_tp_pd_asphalt_markings_a95m_lowlight_cloudywithoutprecipitation_buildingclutter_2_rvs_pedestrian_1-5_na_na_13klux_20201120_118.vid,1,341
I:\VIDEO_DATA\2020_Data\PD\VIDEO\Greyscale\JP_Accord\FE\20201120\accord_jp_tp_pd_asphalt_markings_a95m_lowlight_cloudywithoutprecipitation_buildingclutter_2_rvs_pedestrian_1-5_na_na_13klux_20201120_119.vid,1,331
I:\VIDEO_DATA\2020_Data\PD\VIDEO\Greyscale\JP_Accord\FE\20201120\accord_jp_tp_pd_asphalt_markings_a95m_lowlight_cloudywithoutprecipitation_buildingclutter_2_rvs_pedestrian_1-5_na_na_13klux_20201120_120.vid,1,321
I:\VIDEO_DATA\2020_Data\PD\VIDEO\Greyscale\JP_Accord\FE\20201120\accord_jp_tp_pd_asphalt_markings_a95m_lowlight_cloudywithoutprecipitation_buildingclutter_2_rvs_pedestrian_1-5_na_na_14.51klux_20201120_121.vid,1,411
I:\VIDEO_DATA\2020_Data\PD\VIDEO\Greyscale\JP_Accord\FE\20201120\accord_jp_tp_pd_asphalt_markings_a95m_lowlight_cloudywithoutprecipitation_buildingclutter_2_rvs_pedestrian_1-5_na_na_14.51klux_20201120_122.vid,1,421
I:\VIDEO_DATA\2020_Data\PD\VIDEO\Greyscale\JP_Accord\FE\20201120\accord_jp_tp_pd_asphalt_markings_a95m_lowlight_cloudywithoutprecipitation_buildingclutter_2_rvs_pedestrian_1-5_na_na_14.51klux_20201120_123.vid,1,381
I:\VIDEO_DATA\2020_Data\PD\VIDEO\Greyscale\JP_Accord\FE\20201120\accord_jp_tp_pd_asphalt_markings_a95m_lowlight_cloudywithoutprecipitation_buildingclutter_2_rvs_pedestrian_1-5_na_na_14.51klux_20201120_124.vid,1,371
I:\VIDEO_DATA\2020_Data\PD\VIDEO\Greyscale\JP_Accord\FE\20201120\accord_jp_tp_pd_asphalt_markings_a95m_lowlight_cloudywithoutprecipitation_buildingclutter_2_rvs_pedestrian_1-5_na_na_14.51klux_20201120_125.vid,1,371
I:\VIDEO_DATA\2020_Data\PD\VIDEO\Greyscale\JP_Accord\FE\20201120\accord_jp_tp_pd_asphalt_markings_a95m_lowlight_cloudywithoutprecipitation_buildingclutter_2_rvs_pedestrian_1-5_na_na_14.51klux_20201120_126.vid,1,351
I:\VIDEO_DATA\2020_Data\PD\VIDEO\Greyscale\JP_Accord\FE\20201120\accord_jp_tp_pd_asphalt_markings_a95m_lowlight_cloudywithoutprecipitation_buildingclutter_2_rvs_pedestrian_1-5_na_na_14.51klux_20201120_127.vid,1,401
I:\VIDEO_DATA\2020_Data\PD\VIDEO\Greyscale\JP_Accord\FE\20201120\accord_jp_tp_pd_asphalt_markings_a95m_lowlight_cloudywithoutprecipitation_buildingclutter_2_rvs_pedestrian_1-5_na_na_14.51klux_20201120_128.vid,1,381
I:\VIDEO_DATA\2020_Data\PD\VIDEO\Greyscale\JP_Accord\FE\20201120\accord_jp_tp_pd_asphalt_markings_a95m_lowlight_cloudywithoutprecipitation_buildingclutter_2_rvs_pedestrian_1-5_na_na_14.51klux_20201120_129.vid,1,431
I:\VIDEO_DATA\2020_Data\PD\VIDEO\Greyscale\JP_Accord\FE\20201120\accord_jp_tp_pd_asphalt_markings_a95m_lowlight_cloudywithoutprecipitation_buildingclutter_2_rvs_pedestrian_1-5_na_na_14.51klux_20201120_130.vid,1,381
I:\VIDEO_DATA\2020_Data\PD\VIDEO\Greyscale\JP_Accord\FE\20201120\accord_jp_tp_pd_asphalt_markings_a95m_lowlight_cloudywithoutprecipitation_buildingclutter_2_rvs_pedestrian_1-5_na_na_14.51klux_20201120_131.vid,1,451
I:\VIDEO_DATA\2020_Data\PD\VIDEO\Greyscale\JP_Accord\FE\20201120\accord_jp_tp_pd_asphalt_markings_a95m_lowlight_cloudywithoutprecipitation_buildingclutter_2_rvs_pedestrian_1-5_na_na_14.51klux_20201120_132.vid,1,531
I:\VIDEO_DATA\2020_Data\PD\VIDEO\Greyscale\JP_Accord\FE\20201120\accord_jp_tp_pd_asphalt_markings_a95m_lowlight_cloudywithoutprecipitation_buildingclutter_2_rvs_pedestrian_1-5_na_na_2klux_20201120_289.vid,1,451
I:\VIDEO_DATA\2020_Data\PD\VIDEO\Greyscale\JP_Accord\FE\20201120\accord_jp_tp_pd_asphalt_markings_a95m_lowlight_cloudywithoutprecipitation_buildingclutter_2_rvs_pedestrian_1-5_na_na_2klux_20201120_290.vid,1,431
I:\VIDEO_DATA\2020_Data\PD\VIDEO\Greyscale\JP_Accord\FE\20201120\accord_jp_tp_pd_asphalt_markings_a95m_lowlight_cloudywithoutprecipitation_buildingclutter_2_rvs_pedestrian_1-5_na_na_2klux_20201120_291.vid,1,421
I:\VIDEO_DATA\2020_Data\PD\VIDEO\Greyscale\JP_Accord\FE\20201120\accord_jp_tp_pd_asphalt_markings_a95m_lowlight_cloudywithoutprecipitation_buildingclutter_2_rvs_pedestrian_1-5_na_na_2klux_20201120_292.vid,1,431
I:\VIDEO_DATA\2020_Data\PD\VIDEO\Greyscale\JP_Accord\FE\20201120\accord_jp_tp_pd_asphalt_markings_a95m_lowlight_cloudywithoutprecipitation_buildingclutter_2_rvs_pedestrian_1-5_na_na_2klux_20201120_293.vid,1,391
I:\VIDEO_DATA\2020_Data\PD\VIDEO\Greyscale\JP_Accord\FE\20201120\accord_jp_tp_pd_asphalt_markings_a95m_lowlight_cloudywithoutprecipitation_buildingclutter_2_rvs_pedestrian_1-5_na_na_2klux_20201120_294.vid,1,401
I:\VIDEO_DATA\2020_Data\PD\VIDEO\Greyscale\JP_Accord\FE\20201120\accord_jp_tp_pd_asphalt_markings_a95m_lowlight_cloudywithoutprecipitation_buildingclutter_2_rvs_pedestrian_1-5_na_na_2klux_20201120_295.vid,1,401
I:\VIDEO_DATA\2020_Data\PD\VIDEO\Greyscale\JP_Accord\FE\20201120\accord_jp_tp_pd_asphalt_markings_a95m_lowlight_cloudywithoutprecipitation_buildingclutter_2_rvs_pedestrian_1-5_na_na_2klux_20201120_296.vid,1,421
I:\VIDEO_DATA\2020_Data\PD\VIDEO\Greyscale\JP_Accord\FE\20201120\accord_jp_tp_pd_asphalt_markings_a95m_lowlight_cloudywithoutprecipitation_buildingclutter_2_rvs_pedestrian_1-5_na_na_2klux_20201120_297.vid,1,431
I:\VIDEO_DATA\2020_Data\PD\VIDEO\Greyscale\JP_Accord\FE\20201120\accord_jp_tp_pd_asphalt_markings_a95m_lowlight_cloudywithoutprecipitation_buildingclutter_2_rvs_pedestrian_1-5_na_na_2klux_20201120_298.vid,1,441
I:\VIDEO_DATA\2020_Data\PD\VIDEO\Greyscale\JP_Accord\FE\20201120\accord_jp_tp_pd_asphalt_markings_a95m_lowlight_cloudywithoutprecipitation_buildingclutter_2_rvs_pedestrian_1-5_na_na_2klux_20201120_299.vid,1,461
I:\VIDEO_DATA\2020_Data\PD\VIDEO\Greyscale\JP_Accord\FE\20201120\accord_jp_tp_pd_asphalt_markings_a95m_lowlight_cloudywithoutprecipitation_buildingclutter_2_rvs_pedestrian_1-5_na_na_2klux_20201120_300.vid,1,451
I:\VIDEO_DATA\2020_Data\PD\VIDEO\Greyscale\JP_Accord\FE\20201120\accord_jp_tp_pd_asphalt_markings_a95m_lowlight_cloudywithoutprecipitation_buildingclutter_2_rvs_pedestrian_1-5_na_na_3.17klux_20201120_301.vid,1,401
I:\VIDEO_DATA\2020_Data\PD\VIDEO\Greyscale\JP_Accord\FE\20201120\accord_jp_tp_pd_asphalt_markings_a95m_lowlight_cloudywithoutprecipitation_buildingclutter_2_rvs_pedestrian_1-5_na_na_3.17klux_20201120_302.vid,1,401
I:\VIDEO_DATA\2020_Data\PD\VIDEO\Greyscale\JP_Accord\FE\20201120\accord_jp_tp_pd_asphalt_markings_a95m_lowlight_cloudywithoutprecipitation_buildingclutter_2_rvs_pedestrian_1-5_na_na_3.17klux_20201120_303.vid,1,411
I:\VIDEO_DATA\2020_Data\PD\VIDEO\Greyscale\JP_Accord\FE\20201120\accord_jp_tp_pd_asphalt_markings_a95m_lowlight_cloudywithoutprecipitation_buildingclutter_2_rvs_pedestrian_1-5_na_na_3.17klux_20201120_304.vid,1,401
I:\VIDEO_DATA\2020_Data\PD\VIDEO\Greyscale\JP_Accord\FE\20201120\accord_jp_tp_pd_asphalt_markings_a95m_lowlight_cloudywithoutprecipitation_buildingclutter_2_rvs_pedestrian_1-5_na_na_3.17klux_20201120_305.vid,1,421
I:\VIDEO_DATA\2020_Data\PD\VIDEO\Greyscale\JP_Accord\FE\20201120\accord_jp_tp_pd_asphalt_markings_a95m_lowlight_cloudywithoutprecipitation_buildingclutter_2_rvs_pedestrian_1-5_na_na_3.17klux_20201120_306.vid,1,411
I:\VIDEO_DATA\2020_Data\PD\VIDEO\Greyscale\JP_Accord\FE\20201120\accord_jp_tp_pd_asphalt_markings_a95m_lowlight_cloudywithoutprecipitation_buildingclutter_2_rvs_pedestrian_1-5_na_na_3.17klux_20201120_307.vid,1,401
I:\VIDEO_DATA\2020_Data\PD\VIDEO\Greyscale\JP_Accord\FE\20201120\accord_jp_tp_pd_asphalt_markings_a95m_lowlight_cloudywithoutprecipitation_buildingclutter_2_rvs_pedestrian_1-5_na_na_3.17klux_20201120_308.vid,1,401
I:\VIDEO_DATA\2020_Data\PD\VIDEO\Greyscale\JP_Accord\FE\20201120\accord_jp_tp_pd_asphalt_markings_a95m_lowlight_cloudywithoutprecipitation_buildingclutter_2_rvs_pedestrian_1-5_na_na_3.17klux_20201120_309.vid,1,411
I:\VIDEO_DATA\2020_Data\PD\VIDEO\Greyscale\JP_Accord\FE\20201120\accord_jp_tp_pd_asphalt_markings_a95m_lowlight_cloudywithoutprecipitation_buildingclutter_2_rvs_pedestrian_1-5_na_na_3.17klux_20201120_310.vid,1,411
I:\VIDEO_DATA\2020_Data\PD\VIDEO\Greyscale\JP_Accord\FE\20201120\accord_jp_tp_pd_asphalt_markings_a95m_lowlight_cloudywithoutprecipitation_buildingclutter_2_rvs_pedestrian_1-5_na_na_3.17klux_20201120_311.vid,1,381
I:\VIDEO_DATA\2020_Data\PD\VIDEO\Greyscale\JP_Accord\FE\20201120\accord_jp_tp_pd_asphalt_markings_a95m_lowlight_cloudywithoutprecipitation_buildingclutter_2_rvs_pedestrian_1-5_na_na_3.17klux_20201120_312.vid,1,421
I:\VIDEO_DATA\2020_Data\PD\VIDEO\Greyscale\JP_Accord\FE\20201120\accord_jp_tp_pd_asphalt_markings_a95m_lowlight_cloudywithoutprecipitation_buildingclutter_2_rvs_pedestrian_1-5_na_na_5.67klux_20201120_229.vid,1,401
I:\VIDEO_DATA\2020_Data\PD\VIDEO\Greyscale\JP_Accord\FE\20201120\accord_jp_tp_pd_asphalt_markings_a95m_lowlight_cloudywithoutprecipitation_buildingclutter_2_rvs_pedestrian_1-5_na_na_5.67klux_20201120_230.vid,1,411
I:\VIDEO_DATA\2020_Data\PD\VIDEO\Greyscale\JP_Accord\FE\20201120\accord_jp_tp_pd_asphalt_markings_a95m_lowlight_cloudywithoutprecipitation_buildingclutter_2_rvs_pedestrian_1-5_na_na_5.67klux_20201120_231.vid,1,361
I:\VIDEO_DATA\2020_Data\PD\VIDEO\Greyscale\JP_Accord\FE\20201120\accord_jp_tp_pd_asphalt_markings_a95m_lowlight_cloudywithoutprecipitation_buildingclutter_2_rvs_pedestrian_1-5_na_na_5.67klux_20201120_232.vid,1,391
I:\VIDEO_DATA\2020_Data\PD\VIDEO\Greyscale\JP_Accord\FE\20201120\accord_jp_tp_pd_asphalt_markings_a95m_lowlight_cloudywithoutprecipitation_buildingclutter_2_rvs_pedestrian_1-5_na_na_5.67klux_20201120_233.vid,1,491
I:\VIDEO_DATA\2020_Data\PD\VIDEO\Greyscale\JP_Accord\FE\20201120\accord_jp_tp_pd_asphalt_markings_a95m_lowlight_cloudywithoutprecipitation_buildingclutter_2_rvs_pedestrian_1-5_na_na_5.67klux_20201120_234.vid,1,391
I:\VIDEO_DATA\2020_Data\PD\VIDEO\Greyscale\JP_Accord\FE\20201120\accord_jp_tp_pd_asphalt_markings_a95m_lowlight_cloudywithoutprecipitation_buildingclutter_2_rvs_pedestrian_1-5_na_na_5.67klux_20201120_235.vid,1,411
I:\VIDEO_DATA\2020_Data\PD\VIDEO\Greyscale\JP_Accord\FE\20201120\accord_jp_tp_pd_asphalt_markings_a95m_lowlight_cloudywithoutprecipitation_buildingclutter_2_rvs_pedestrian_1-5_na_na_5.67klux_20201120_236.vid,1,411
I:\VIDEO_DATA\2020_Data\PD\VIDEO\Greyscale\JP_Accord\FE\20201120\accord_jp_tp_pd_asphalt_markings_a95m_lowlight_cloudywithoutprecipitation_buildingclutter_2_rvs_pedestrian_1-5_na_na_5.67klux_20201120_237.vid,1,401
I:\VIDEO_DATA\2020_Data\PD\VIDEO\Greyscale\JP_Accord\FE\20201120\accord_jp_tp_pd_asphalt_markings_a95m_lowlight_cloudywithoutprecipitation_buildingclutter_2_rvs_pedestrian_1-5_na_na_5.67klux_20201120_238.vid,1,471
I:\VIDEO_DATA\2020_Data\PD\VIDEO\Greyscale\JP_Accord\FE\20201120\accord_jp_tp_pd_asphalt_markings_a95m_lowlight_cloudywithoutprecipitation_buildingclutter_2_rvs_pedestrian_1-5_na_na_5.67klux_20201120_239.vid,1,411
I:\VIDEO_DATA\2020_Data\PD\VIDEO\Greyscale\JP_Accord\FE\20201120\accord_jp_tp_pd_asphalt_markings_a95m_lowlight_cloudywithoutprecipitation_buildingclutter_2_rvs_pedestrian_1-5_na_na_5.67klux_20201120_240.vid,1,401
I:\VIDEO_DATA\2020_Data\PD\VIDEO\Greyscale\JP_Accord\FE\20201120\accord_jp_tp_pd_asphalt_markings_a95m_lowlight_cloudywithoutprecipitation_buildingclutter_2_rvs_pedestrian_1-5_na_na_7.5klux_20201120_001.vid,1,651
I:\VIDEO_DATA\2020_Data\PD\VIDEO\Greyscale\JP_Accord\FE\20201120\accord_jp_tp_pd_asphalt_markings_a95m_lowlight_cloudywithoutprecipitation_buildingclutter_2_rvs_pedestrian_1-5_na_na_7.5klux_20201120_010.vid,1,341
I:\VIDEO_DATA\2020_Data\PD\VIDEO\Greyscale\JP_Accord\FE\20201120\accord_jp_tp_pd_asphalt_markings_a95m_lowlight_cloudywithoutprecipitation_buildingclutter_2_rvs_pedestrian_1-5_na_na_7.5klux_20201120_011.vid,1,331
I:\VIDEO_DATA\2020_Data\PD\VIDEO\Greyscale\JP_Accord\FE\20201120\accord_jp_tp_pd_asphalt_markings_a95m_lowlight_cloudywithoutprecipitation_buildingclutter_2_rvs_pedestrian_1-5_na_na_7.5klux_20201120_012.vid,1,381
I:\VIDEO_DATA\2020_Data\PD\VIDEO\Greyscale\JP_Accord\FE\20201120\accord_jp_tp_pd_asphalt_markings_a95m_lowlight_cloudywithoutprecipitation_buildingclutter_2_rvs_pedestrian_6-10_na_na_0.061klux_20201120_373.vid,1,271
I:\VIDEO_DATA\2020_Data\PD\VIDEO\Greyscale\JP_Accord\FE\20201120\accord_jp_tp_pd_asphalt_markings_a95m_lowlight_cloudywithoutprecipitation_buildingclutter_2_rvs_pedestrian_6-10_na_na_0.061klux_20201120_374.vid,1,251
I:\VIDEO_DATA\2020_Data\PD\VIDEO\Greyscale\JP_Accord\FE\20201120\accord_jp_tp_pd_asphalt_markings_a95m_lowlight_cloudywithoutprecipitation_buildingclutter_2_rvs_pedestrian_6-10_na_na_0.061klux_20201120_375.vid,1,251
I:\VIDEO_DATA\2020_Data\PD\VIDEO\Greyscale\JP_Accord\FE\20201120\accord_jp_tp_pd_asphalt_markings_a95m_lowlight_cloudywithoutprecipitation_buildingclutter_2_rvs_pedestrian_6-10_na_na_0.061klux_20201120_376.vid,1,231
I:\VIDEO_DATA\2020_Data\PD\VIDEO\Greyscale\JP_Accord\FE\20201120\accord_jp_tp_pd_asphalt_markings_a95m_lowlight_cloudywithoutprecipitation_buildingclutter_2_rvs_pedestrian_6-10_na_na_0.061klux_20201120_377.vid,1,231
I:\VIDEO_DATA\2020_Data\PD\VIDEO\Greyscale\JP_Accord\FE\20201120\accord_jp_tp_pd_asphalt_markings_a95m_lowlight_cloudywithoutprecipitation_buildingclutter_2_rvs_pedestrian_6-10_na_na_0.061klux_20201120_378.vid,1,231
I:\VIDEO_DATA\2020_Data\PD\VIDEO\Greyscale\JP_Accord\FE\20201120\accord_jp_tp_pd_asphalt_markings_a95m_lowlight_cloudywithoutprecipitation_buildingclutter_2_rvs_pedestrian_6-10_na_na_0.061klux_20201120_379.vid,1,241
I:\VIDEO_DATA\2020_Data\PD\VIDEO\Greyscale\JP_Accord\FE\20201120\accord_jp_tp_pd_asphalt_markings_a95m_lowlight_cloudywithoutprecipitation_buildingclutter_2_rvs_pedestrian_6-10_na_na_0.061klux_20201120_380.vid,1,231
I:\VIDEO_DATA\2020_Data\PD\VIDEO\Greyscale\JP_Accord\FE\20201120\accord_jp_tp_pd_asphalt_markings_a95m_lowlight_cloudywithoutprecipitation_buildingclutter_2_rvs_pedestrian_6-10_na_na_0.061klux_20201120_381.vid,1,241
I:\VIDEO_DATA\2020_Data\PD\VIDEO\Greyscale\JP_Accord\FE\20201120\accord_jp_tp_pd_asphalt_markings_a95m_lowlight_cloudywithoutprecipitation_buildingclutter_2_rvs_pedestrian_6-10_na_na_0.061klux_20201120_382.vid,1,231
I:\VIDEO_DATA\2020_Data\PD\VIDEO\Greyscale\JP_Accord\FE\20201120\accord_jp_tp_pd_asphalt_markings_a95m_lowlight_cloudywithoutprecipitation_buildingclutter_2_rvs_pedestrian_6-10_na_na_0.061klux_20201120_383.vid,1,241
I:\VIDEO_DATA\2020_Data\PD\VIDEO\Greyscale\JP_Accord\FE\20201120\accord_jp_tp_pd_asphalt_markings_a95m_lowlight_cloudywithoutprecipitation_buildingclutter_2_rvs_pedestrian_6-10_na_na_0.061klux_20201120_384.vid,1,231
I:\VIDEO_DATA\2020_Data\PD\VIDEO\Greyscale\JP_Accord\FE\20201120\accord_jp_tp_pd_asphalt_markings_a95m_lowlight_cloudywithoutprecipitation_buildingclutter_2_rvs_pedestrian_6-10_na_na_0.075klux_20201120_361.vid,1,221
I:\VIDEO_DATA\2020_Data\PD\VIDEO\Greyscale\JP_Accord\FE\20201120\accord_jp_tp_pd_asphalt_markings_a95m_lowlight_cloudywithoutprecipitation_buildingclutter_2_rvs_pedestrian_6-10_na_na_0.075klux_20201120_362.vid,1,221
I:\VIDEO_DATA\2020_Data\PD\VIDEO\Greyscale\JP_Accord\FE\20201120\accord_jp_tp_pd_asphalt_markings_a95m_lowlight_cloudywithoutprecipitation_buildingclutter_2_rvs_pedestrian_6-10_na_na_0.075klux_20201120_363.vid,1,271
I:\VIDEO_DATA\2020_Data\PD\VIDEO\Greyscale\JP_Accord\FE\20201120\accord_jp_tp_pd_asphalt_markings_a95m_lowlight_cloudywithoutprecipitation_buildingclutter_2_rvs_pedestrian_6-10_na_na_0.075klux_20201120_364.vid,1,211
I:\VIDEO_DATA\2020_Data\PD\VIDEO\Greyscale\JP_Accord\FE\20201120\accord_jp_tp_pd_asphalt_markings_a95m_lowlight_cloudywithoutprecipitation_buildingclutter_2_rvs_pedestrian_6-10_na_na_0.075klux_20201120_365.vid,1,231
I:\VIDEO_DATA\2020_Data\PD\VIDEO\Greyscale\JP_Accord\FE\20201120\accord_jp_tp_pd_asphalt_markings_a95m_lowlight_cloudywithoutprecipitation_buildingclutter_2_rvs_pedestrian_6-10_na_na_0.075klux_20201120_366.vid,1,241
I:\VIDEO_DATA\2020_Data\PD\VIDEO\Greyscale\JP_Accord\FE\20201120\accord_jp_tp_pd_asphalt_markings_a95m_lowlight_cloudywithoutprecipitation_buildingclutter_2_rvs_pedestrian_6-10_na_na_0.075klux_20201120_367.vid,1,251
I:\VIDEO_DATA\2020_Data\PD\VIDEO\Greyscale\JP_Accord\FE\20201120\accord_jp_tp_pd_asphalt_markings_a95m_lowlight_cloudywithoutprecipitation_buildingclutter_2_rvs_pedestrian_6-10_na_na_0.075klux_20201120_368.vid,1,251
I:\VIDEO_DATA\2020_Data\PD\VIDEO\Greyscale\JP_Accord\FE\20201120\accord_jp_tp_pd_asphalt_markings_a95m_lowlight_cloudywithoutprecipitation_buildingclutter_2_rvs_pedestrian_6-10_na_na_0.075klux_20201120_369.vid,1,251
I:\VIDEO_DATA\2020_Data\PD\VIDEO\Greyscale\JP_Accord\FE\20201120\accord_jp_tp_pd_asphalt_markings_a95m_lowlight_cloudywithoutprecipitation_buildingclutter_2_rvs_pedestrian_6-10_na_na_0.075klux_20201120_370.vid,1,261
I:\VIDEO_DATA\2020_Data\PD\VIDEO\Greyscale\JP_Accord\FE\20201120\accord_jp_tp_pd_asphalt_markings_a95m_lowlight_cloudywithoutprecipitation_buildingclutter_2_rvs_pedestrian_6-10_na_na_0.075klux_20201120_371.vid,1,231
I:\VIDEO_DATA\2020_Data\PD\VIDEO\Greyscale\JP_Accord\FE\20201120\accord_jp_tp_pd_asphalt_markings_a95m_lowlight_cloudywithoutprecipitation_buildingclutter_2_rvs_pedestrian_6-10_na_na_0.075klux_20201120_372.vid,1,211
I:\VIDEO_DATA\2020_Data\PD\VIDEO\Greyscale\JP_Accord\FE\20201120\accord_jp_tp_pd_asphalt_markings_a95m_lowlight_cloudywithoutprecipitation_buildingclutter_2_rvs_pedestrian_6-10_na_na_0.104klux_20201120_349.vid,1,281
I:\VIDEO_DATA\2020_Data\PD\VIDEO\Greyscale\JP_Accord\FE\20201120\accord_jp_tp_pd_asphalt_markings_a95m_lowlight_cloudywithoutprecipitation_buildingclutter_2_rvs_pedestrian_6-10_na_na_0.104klux_20201120_350.vid,1,221
I:\VIDEO_DATA\2020_Data\PD\VIDEO\Greyscale\JP_Accord\FE\20201120\accord_jp_tp_pd_asphalt_markings_a95m_lowlight_cloudywithoutprecipitation_buildingclutter_2_rvs_pedestrian_6-10_na_na_0.104klux_20201120_351.vid,1,241
I:\VIDEO_DATA\2020_Data\PD\VIDEO\Greyscale\JP_Accord\FE\20201120\accord_jp_tp_pd_asphalt_markings_a95m_lowlight_cloudywithoutprecipitation_buildingclutter_2_rvs_pedestrian_6-10_na_na_0.104klux_20201120_352.vid,1,211
I:\VIDEO_DATA\2020_Data\PD\VIDEO\Greyscale\JP_Accord\FE\20201120\accord_jp_tp_pd_asphalt_markings_a95m_lowlight_cloudywithoutprecipitation_buildingclutter_2_rvs_pedestrian_6-10_na_na_0.104klux_20201120_353.vid,1,211
I:\VIDEO_DATA\2020_Data\PD\VIDEO\Greyscale\JP_Accord\FE\20201120\accord_jp_tp_pd_asphalt_markings_a95m_lowlight_cloudywithoutprecipitation_buildingclutter_2_rvs_pedestrian_6-10_na_na_0.104klux_20201120_354.vid,1,201
I:\VIDEO_DATA\2020_Data\PD\VIDEO\Greyscale\JP_Accord\FE\20201120\accord_jp_tp_pd_asphalt_markings_a95m_lowlight_cloudywithoutprecipitation_buildingclutter_2_rvs_pedestrian_6-10_na_na_0.104klux_20201120_355.vid,1,191
I:\VIDEO_DATA\2020_Data\PD\VIDEO\Greyscale\JP_Accord\FE\20201120\accord_jp_tp_pd_asphalt_markings_a95m_lowlight_cloudywithoutprecipitation_buildingclutter_2_rvs_pedestrian_6-10_na_na_0.104klux_20201120_356.vid,1,211
I:\VIDEO_DATA\2020_Data\PD\VIDEO\Greyscale\JP_Accord\FE\20201120\accord_jp_tp_pd_asphalt_markings_a95m_lowlight_cloudywithoutprecipitation_buildingclutter_2_rvs_pedestrian_6-10_na_na_0.104klux_20201120_357.vid,1,231
I:\VIDEO_DATA\2020_Data\PD\VIDEO\Greyscale\JP_Accord\FE\20201120\accord_jp_tp_pd_asphalt_markings_a95m_lowlight_cloudywithoutprecipitation_buildingclutter_2_rvs_pedestrian_6-10_na_na_0.104klux_20201120_358.vid,1,211
I:\VIDEO_DATA\2020_Data\PD\VIDEO\Greyscale\JP_Accord\FE\20201120\accord_jp_tp_pd_asphalt_markings_a95m_lowlight_cloudywithoutprecipitation_buildingclutter_2_rvs_pedestrian_6-10_na_na_0.104klux_20201120_359.vid,1,221
I:\VIDEO_DATA\2020_Data\PD\VIDEO\Greyscale\JP_Accord\FE\20201120\accord_jp_tp_pd_asphalt_markings_a95m_lowlight_cloudywithoutprecipitation_buildingclutter_2_rvs_pedestrian_6-10_na_na_0.104klux_20201120_360.vid,1,221
I:\VIDEO_DATA\2020_Data\PD\VIDEO\Greyscale\JP_Accord\FE\20201120\accord_jp_tp_pd_asphalt_markings_a95m_lowlight_cloudywithoutprecipitation_buildingclutter_2_rvs_pedestrian_6-10_na_na_0.13klux_20201120_343.vid,1,251
I:\VIDEO_DATA\2020_Data\PD\VIDEO\Greyscale\JP_Accord\FE\20201120\accord_jp_tp_pd_asphalt_markings_a95m_lowlight_cloudywithoutprecipitation_buildingclutter_2_rvs_pedestrian_6-10_na_na_0.13klux_20201120_344.vid,1,231
I:\VIDEO_DATA\2020_Data\PD\VIDEO\Greyscale\JP_Accord\FE\20201120\accord_jp_tp_pd_asphalt_markings_a95m_lowlight_cloudywithoutprecipitation_buildingclutter_2_rvs_pedestrian_6-10_na_na_0.13klux_20201120_345.vid,1,241
I:\VIDEO_DATA\2020_Data\PD\VIDEO\Greyscale\JP_Accord\FE\20201120\accord_jp_tp_pd_asphalt_markings_a95m_lowlight_cloudywithoutprecipitation_buildingclutter_2_rvs_pedestrian_6-10_na_na_0.13klux_20201120_346.vid,1,271
I:\VIDEO_DATA\2020_Data\PD\VIDEO\Greyscale\JP_Accord\FE\20201120\accord_jp_tp_pd_asphalt_markings_a95m_lowlight_cloudywithoutprecipitation_buildingclutter_2_rvs_pedestrian_6-10_na_na_0.13klux_20201120_347.vid,1,251
I:\VIDEO_DATA\2020_Data\PD\VIDEO\Greyscale\JP_Accord\FE\20201120\accord_jp_tp_pd_asphalt_markings_a95m_lowlight_cloudywithoutprecipitation_buildingclutter_2_rvs_pedestrian_6-10_na_na_0.13klux_20201120_348.vid,1,261
I:\VIDEO_DATA\2020_Data\PD\VIDEO\Greyscale\JP_Accord\FE\20201120\accord_jp_tp_pd_asphalt_markings_a95m_lowlight_cloudywithoutprecipitation_buildingclutter_2_rvs_pedestrian_6-10_na_na_0.269klux_20201120_337.vid,1,251
I:\VIDEO_DATA\2020_Data\PD\VIDEO\Greyscale\JP_Accord\FE\20201120\accord_jp_tp_pd_asphalt_markings_a95m_lowlight_cloudywithoutprecipitation_buildingclutter_2_rvs_pedestrian_6-10_na_na_0.269klux_20201120_338.vid,1,271
I:\VIDEO_DATA\2020_Data\PD\VIDEO\Greyscale\JP_Accord\FE\20201120\accord_jp_tp_pd_asphalt_markings_a95m_lowlight_cloudywithoutprecipitation_buildingclutter_2_rvs_pedestrian_6-10_na_na_0.269klux_20201120_339.vid,1,251
I:\VIDEO_DATA\2020_Data\PD\VIDEO\Greyscale\JP_Accord\FE\20201120\accord_jp_tp_pd_asphalt_markings_a95m_lowlight_cloudywithoutprecipitation_buildingclutter_2_rvs_pedestrian_6-10_na_na_0.269klux_20201120_340.vid,1,221
I:\VIDEO_DATA\2020_Data\PD\VIDEO\Greyscale\JP_Accord\FE\20201120\accord_jp_tp_pd_asphalt_markings_a95m_lowlight_cloudywithoutprecipitation_buildingclutter_2_rvs_pedestrian_6-10_na_na_0.269klux_20201120_341.vid,1,231
I:\VIDEO_DATA\2020_Data\PD\VIDEO\Greyscale\JP_Accord\FE\20201120\accord_jp_tp_pd_asphalt_markings_a95m_lowlight_cloudywithoutprecipitation_buildingclutter_2_rvs_pedestrian_6-10_na_na_0.269klux_20201120_342.vid,1,251
I:\VIDEO_DATA\2020_Data\PD\VIDEO\Greyscale\JP_Accord\FE\20201120\accord_jp_tp_pd_asphalt_markings_a95m_lowlight_cloudywithoutprecipitation_buildingclutter_2_rvs_pedestrian_6-10_na_na_10.95klux_20201120_277.vid,1,221
I:\VIDEO_DATA\2020_Data\PD\VIDEO\Greyscale\JP_Accord\FE\20201120\accord_jp_tp_pd_asphalt_markings_a95m_lowlight_cloudywithoutprecipitation_buildingclutter_2_rvs_pedestrian_6-10_na_na_10.95klux_20201120_278.vid,1,221
I:\VIDEO_DATA\2020_Data\PD\VIDEO\Greyscale\JP_Accord\FE\20201120\accord_jp_tp_pd_asphalt_markings_a95m_lowlight_cloudywithoutprecipitation_buildingclutter_2_rvs_pedestrian_6-10_na_na_10.95klux_20201120_279.vid,1,261
I:\VIDEO_DATA\2020_Data\PD\VIDEO\Greyscale\JP_Accord\FE\20201120\accord_jp_tp_pd_asphalt_markings_a95m_lowlight_cloudywithoutprecipitation_buildingclutter_2_rvs_pedestrian_6-10_na_na_10.95klux_20201120_280.vid,1,191
I:\VIDEO_DATA\2020_Data\PD\VIDEO\Greyscale\JP_Accord\FE\20201120\accord_jp_tp_pd_asphalt_markings_a95m_lowlight_cloudywithoutprecipitation_buildingclutter_2_rvs_pedestrian_6-10_na_na_10.95klux_20201120_281.vid,1,211
I:\VIDEO_DATA\2020_Data\PD\VIDEO\Greyscale\JP_Accord\FE\20201120\accord_jp_tp_pd_asphalt_markings_a95m_lowlight_cloudywithoutprecipitation_buildingclutter_2_rvs_pedestrian_6-10_na_na_10.95klux_20201120_282.vid,1,221
I:\VIDEO_DATA\2020_Data\PD\VIDEO\Greyscale\JP_Accord\FE\20201120\accord_jp_tp_pd_asphalt_markings_a95m_lowlight_cloudywithoutprecipitation_buildingclutter_2_rvs_pedestrian_6-10_na_na_10.95klux_20201120_283.vid,1,231
I:\VIDEO_DATA\2020_Data\PD\VIDEO\Greyscale\JP_Accord\FE\20201120\accord_jp_tp_pd_asphalt_markings_a95m_lowlight_cloudywithoutprecipitation_buildingclutter_2_rvs_pedestrian_6-10_na_na_10.95klux_20201120_284.vid,1,211
I:\VIDEO_DATA\2020_Data\PD\VIDEO\Greyscale\JP_Accord\FE\20201120\accord_jp_tp_pd_asphalt_markings_a95m_lowlight_cloudywithoutprecipitation_buildingclutter_2_rvs_pedestrian_6-10_na_na_10.95klux_20201120_285.vid,1,231
I:\VIDEO_DATA\2020_Data\PD\VIDEO\Greyscale\JP_Accord\FE\20201120\accord_jp_tp_pd_asphalt_markings_a95m_lowlight_cloudywithoutprecipitation_buildingclutter_2_rvs_pedestrian_6-10_na_na_10.95klux_20201120_286.vid,1,211
I:\VIDEO_DATA\2020_Data\PD\VIDEO\Greyscale\JP_Accord\FE\20201120\accord_jp_tp_pd_asphalt_markings_a95m_lowlight_cloudywithoutprecipitation_buildingclutter_2_rvs_pedestrian_6-10_na_na_10.95klux_20201120_287.vid,1,211
I:\VIDEO_DATA\2020_Data\PD\VIDEO\Greyscale\JP_Accord\FE\20201120\accord_jp_tp_pd_asphalt_markings_a95m_lowlight_cloudywithoutprecipitation_buildingclutter_2_rvs_pedestrian_6-10_na_na_10.95klux_20201120_288.vid,1,251
I:\VIDEO_DATA\2020_Data\PD\VIDEO\Greyscale\JP_Accord\FE\20201120\accord_jp_tp_pd_asphalt_markings_a95m_lowlight_cloudywithoutprecipitation_buildingclutter_2_rvs_pedestrian_6-10_na_na_13.5klux_20201120_049.vid,1,281
I:\VIDEO_DATA\2020_Data\PD\VIDEO\Greyscale\JP_Accord\FE\20201120\accord_jp_tp_pd_asphalt_markings_a95m_lowlight_cloudywithoutprecipitation_buildingclutter_2_rvs_pedestrian_6-10_na_na_13.5klux_20201120_050.vid,1,241
I:\VIDEO_DATA\2020_Data\PD\VIDEO\Greyscale\JP_Accord\FE\20201120\accord_jp_tp_pd_asphalt_markings_a95m_lowlight_cloudywithoutprecipitation_buildingclutter_2_rvs_pedestrian_6-10_na_na_13.5klux_20201120_051.vid,1,241
I:\VIDEO_DATA\2020_Data\PD\VIDEO\Greyscale\JP_Accord\FE\20201120\accord_jp_tp_pd_asphalt_markings_a95m_lowlight_cloudywithoutprecipitation_buildingclutter_2_rvs_pedestrian_6-10_na_na_13.5klux_20201120_052.vid,1,231
I:\VIDEO_DATA\2020_Data\PD\VIDEO\Greyscale\JP_Accord\FE\20201120\accord_jp_tp_pd_asphalt_markings_a95m_lowlight_cloudywithoutprecipitation_buildingclutter_2_rvs_pedestrian_6-10_na_na_13.5klux_20201120_053.vid,1,211
I:\VIDEO_DATA\2020_Data\PD\VIDEO\Greyscale\JP_Accord\FE\20201120\accord_jp_tp_pd_asphalt_markings_a95m_lowlight_cloudywithoutprecipitation_buildingclutter_2_rvs_pedestrian_6-10_na_na_13.5klux_20201120_054.vid,1,191
I:\VIDEO_DATA\2020_Data\PD\VIDEO\Greyscale\JP_Accord\FE\20201120\accord_jp_tp_pd_asphalt_markings_a95m_lowlight_cloudywithoutprecipitation_buildingclutter_2_rvs_pedestrian_6-10_na_na_13.5klux_20201120_055.vid,1,231
I:\VIDEO_DATA\2020_Data\PD\VIDEO\Greyscale\JP_Accord\FE\20201120\accord_jp_tp_pd_asphalt_markings_a95m_lowlight_cloudywithoutprecipitation_buildingclutter_2_rvs_pedestrian_6-10_na_na_13.5klux_20201120_056.vid,1,241
I:\VIDEO_DATA\2020_Data\PD\VIDEO\Greyscale\JP_Accord\FE\20201120\accord_jp_tp_pd_asphalt_markings_a95m_lowlight_cloudywithoutprecipitation_buildingclutter_2_rvs_pedestrian_6-10_na_na_13.5klux_20201120_057.vid,1,261
I:\VIDEO_DATA\2020_Data\PD\VIDEO\Greyscale\JP_Accord\FE\20201120\accord_jp_tp_pd_asphalt_markings_a95m_lowlight_cloudywithoutprecipitation_buildingclutter_2_rvs_pedestrian_6-10_na_na_13.5klux_20201120_058.vid,1,241
I:\VIDEO_DATA\2020_Data\PD\VIDEO\Greyscale\JP_Accord\FE\20201120\accord_jp_tp_pd_asphalt_markings_a95m_lowlight_cloudywithoutprecipitation_buildingclutter_2_rvs_pedestrian_6-10_na_na_13.5klux_20201120_059.vid,1,251
I:\VIDEO_DATA\2020_Data\PD\VIDEO\Greyscale\JP_Accord\FE\20201120\accord_jp_tp_pd_asphalt_markings_a95m_lowlight_cloudywithoutprecipitation_buildingclutter_2_rvs_pedestrian_6-10_na_na_13.5klux_20201120_060.vid,1,251
I:\VIDEO_DATA\2020_Data\PD\VIDEO\Greyscale\JP_Accord\FE\20201120\accord_jp_tp_pd_asphalt_markings_a95m_lowlight_cloudywithoutprecipitation_buildingclutter_2_rvs_pedestrian_6-10_na_na_13.5klux_20201120_158.vid,1,201
I:\VIDEO_DATA\2020_Data\PD\VIDEO\Greyscale\JP_Accord\FE\20201120\accord_jp_tp_pd_asphalt_markings_a95m_lowlight_cloudywithoutprecipitation_buildingclutter_2_rvs_pedestrian_6-10_na_na_13.5klux_20201120_159.vid,1,191
I:\VIDEO_DATA\2020_Data\PD\VIDEO\Greyscale\JP_Accord\FE\20201120\accord_jp_tp_pd_asphalt_markings_a95m_lowlight_cloudywithoutprecipitation_buildingclutter_2_rvs_pedestrian_6-10_na_na_13.5klux_20201120_160.vid,1,201
I:\VIDEO_DATA\2020_Data\PD\VIDEO\Greyscale\JP_Accord\FE\20201120\accord_jp_tp_pd_asphalt_markings_a95m_lowlight_cloudywithoutprecipitation_buildingclutter_2_rvs_pedestrian_6-10_na_na_13.5klux_20201120_161.vid,1,201
I:\VIDEO_DATA\2020_Data\PD\VIDEO\Greyscale\JP_Accord\FE\20201120\accord_jp_tp_pd_asphalt_markings_a95m_lowlight_cloudywithoutprecipitation_buildingclutter_2_rvs_pedestrian_6-10_na_na_13.5klux_20201120_162.vid,1,201
I:\VIDEO_DATA\2020_Data\PD\VIDEO\Greyscale\JP_Accord\FE\20201120\accord_jp_tp_pd_asphalt_markings_a95m_lowlight_cloudywithoutprecipitation_buildingclutter_2_rvs_pedestrian_6-10_na_na_13.5klux_20201120_163.vid,1,221
I:\VIDEO_DATA\2020_Data\PD\VIDEO\Greyscale\JP_Accord\FE\20201120\accord_jp_tp_pd_asphalt_markings_a95m_lowlight_cloudywithoutprecipitation_buildingclutter_2_rvs_pedestrian_6-10_na_na_13.5klux_20201120_164.vid,1,191
I:\VIDEO_DATA\2020_Data\PD\VIDEO\Greyscale\JP_Accord\FE\20201120\accord_jp_tp_pd_asphalt_markings_a95m_lowlight_cloudywithoutprecipitation_buildingclutter_2_rvs_pedestrian_6-10_na_na_13.5klux_20201120_165.vid,1,201
I:\VIDEO_DATA\2020_Data\PD\VIDEO\Greyscale\JP_Accord\FE\20201120\accord_jp_tp_pd_asphalt_markings_a95m_lowlight_cloudywithoutprecipitation_buildingclutter_2_rvs_pedestrian_6-10_na_na_13.5klux_20201120_166.vid,1,211
I:\VIDEO_DATA\2020_Data\PD\VIDEO\Greyscale\JP_Accord\FE\20201120\accord_jp_tp_pd_asphalt_markings_a95m_lowlight_cloudywithoutprecipitation_buildingclutter_2_rvs_pedestrian_6-10_na_na_13.5klux_20201120_167.vid,1,191
I:\VIDEO_DATA\2020_Data\PD\VIDEO\Greyscale\JP_Accord\FE\20201120\accord_jp_tp_pd_asphalt_markings_a95m_lowlight_cloudywithoutprecipitation_buildingclutter_2_rvs_pedestrian_6-10_na_na_13.5klux_20201120_168.vid,1,181
I:\VIDEO_DATA\2020_Data\PD\VIDEO\Greyscale\JP_Accord\FE\20201120\accord_jp_tp_pd_asphalt_markings_a95m_lowlight_cloudywithoutprecipitation_buildingclutter_2_rvs_pedestrian_6-10_na_na_13.68klux_20201120_169.vid,1,241
I:\VIDEO_DATA\2020_Data\PD\VIDEO\Greyscale\JP_Accord\FE\20201120\accord_jp_tp_pd_asphalt_markings_a95m_lowlight_cloudywithoutprecipitation_buildingclutter_2_rvs_pedestrian_6-10_na_na_13.68klux_20201120_170.vid,1,231
I:\VIDEO_DATA\2020_Data\PD\VIDEO\Greyscale\JP_Accord\FE\20201120\accord_jp_tp_pd_asphalt_markings_a95m_lowlight_cloudywithoutprecipitation_buildingclutter_2_rvs_pedestrian_6-10_na_na_13.68klux_20201120_171.vid,1,231
I:\VIDEO_DATA\2020_Data\PD\VIDEO\Greyscale\JP_Accord\FE\20201120\accord_jp_tp_pd_asphalt_markings_a95m_lowlight_cloudywithoutprecipitation_buildingclutter_2_rvs_pedestrian_6-10_na_na_13.68klux_20201120_172.vid,1,201
I:\VIDEO_DATA\2020_Data\PD\VIDEO\Greyscale\JP_Accord\FE\20201120\accord_jp_tp_pd_asphalt_markings_a95m_lowlight_cloudywithoutprecipitation_buildingclutter_2_rvs_pedestrian_6-10_na_na_13.68klux_20201120_173.vid,1,231
I:\VIDEO_DATA\2020_Data\PD\VIDEO\Greyscale\JP_Accord\FE\20201120\accord_jp_tp_pd_asphalt_markings_a95m_lowlight_cloudywithoutprecipitation_buildingclutter_2_rvs_pedestrian_6-10_na_na_13.68klux_20201120_174.vid,1,211
I:\VIDEO_DATA\2020_Data\PD\VIDEO\Greyscale\JP_Accord\FE\20201120\accord_jp_tp_pd_asphalt_markings_a95m_lowlight_cloudywithoutprecipitation_buildingclutter_2_rvs_pedestrian_6-10_na_na_13.68klux_20201120_175.vid,1,211
I:\VIDEO_DATA\2020_Data\PD\VIDEO\Greyscale\JP_Accord\FE\20201120\accord_jp_tp_pd_asphalt_markings_a95m_lowlight_cloudywithoutprecipitation_buildingclutter_2_rvs_pedestrian_6-10_na_na_13.68klux_20201120_176.vid,1,211
I:\VIDEO_DATA\2020_Data\PD\VIDEO\Greyscale\JP_Accord\FE\20201120\accord_jp_tp_pd_asphalt_markings_a95m_lowlight_cloudywithoutprecipitation_buildingclutter_2_rvs_pedestrian_6-10_na_na_13.68klux_20201120_177.vid,1,211
I:\VIDEO_DATA\2020_Data\PD\VIDEO\Greyscale\JP_Accord\FE\20201120\accord_jp_tp_pd_asphalt_markings_a95m_lowlight_cloudywithoutprecipitation_buildingclutter_2_rvs_pedestrian_6-10_na_na_13.68klux_20201120_178.vid,1,211
I:\VIDEO_DATA\2020_Data\PD\VIDEO\Greyscale\JP_Accord\FE\20201120\accord_jp_tp_pd_asphalt_markings_a95m_lowlight_cloudywithoutprecipitation_buildingclutter_2_rvs_pedestrian_6-10_na_na_13.68klux_20201120_179.vid,1,221
I:\VIDEO_DATA\2020_Data\PD\VIDEO\Greyscale\JP_Accord\FE\20201120\accord_jp_tp_pd_asphalt_markings_a95m_lowlight_cloudywithoutprecipitation_buildingclutter_2_rvs_pedestrian_6-10_na_na_13.68klux_20201120_180.vid,1,241
I:\VIDEO_DATA\2020_Data\PD\VIDEO\Greyscale\JP_Accord\FE\20201120\accord_jp_tp_pd_asphalt_markings_a95m_lowlight_cloudywithoutprecipitation_buildingclutter_2_rvs_pedestrian_6-10_na_na_14.86klux_20201120_181.vid,1,261
I:\VIDEO_DATA\2020_Data\PD\VIDEO\Greyscale\JP_Accord\FE\20201120\accord_jp_tp_pd_asphalt_markings_a95m_lowlight_cloudywithoutprecipitation_buildingclutter_2_rvs_pedestrian_6-10_na_na_14.86klux_20201120_182.vid,1,221
I:\VIDEO_DATA\2020_Data\PD\VIDEO\Greyscale\JP_Accord\FE\20201120\accord_jp_tp_pd_asphalt_markings_a95m_lowlight_cloudywithoutprecipitation_buildingclutter_2_rvs_pedestrian_6-10_na_na_14.86klux_20201120_183.vid,1,251
I:\VIDEO_DATA\2020_Data\PD\VIDEO\Greyscale\JP_Accord\FE\20201120\accord_jp_tp_pd_asphalt_markings_a95m_lowlight_cloudywithoutprecipitation_buildingclutter_2_rvs_pedestrian_6-10_na_na_14.86klux_20201120_184.vid,1,231
I:\VIDEO_DATA\2020_Data\PD\VIDEO\Greyscale\JP_Accord\FE\20201120\accord_jp_tp_pd_asphalt_markings_a95m_lowlight_cloudywithoutprecipitation_buildingclutter_2_rvs_pedestrian_6-10_na_na_14.86klux_20201120_185.vid,1,231
I:\VIDEO_DATA\2020_Data\PD\VIDEO\Greyscale\JP_Accord\FE\20201120\accord_jp_tp_pd_asphalt_markings_a95m_lowlight_cloudywithoutprecipitation_buildingclutter_2_rvs_pedestrian_6-10_na_na_14.86klux_20201120_186.vid,1,231
I:\VIDEO_DATA\2020_Data\PD\VIDEO\Greyscale\JP_Accord\FE\20201120\accord_jp_tp_pd_asphalt_markings_a95m_lowlight_cloudywithoutprecipitation_buildingclutter_2_rvs_pedestrian_6-10_na_na_14.86klux_20201120_187.vid,1,211
I:\VIDEO_DATA\2020_Data\PD\VIDEO\Greyscale\JP_Accord\FE\20201120\accord_jp_tp_pd_asphalt_markings_a95m_lowlight_cloudywithoutprecipitation_buildingclutter_2_rvs_pedestrian_6-10_na_na_14.86klux_20201120_188.vid,1,221
I:\VIDEO_DATA\2020_Data\PD\VIDEO\Greyscale\JP_Accord\FE\20201120\accord_jp_tp_pd_asphalt_markings_a95m_lowlight_cloudywithoutprecipitation_buildingclutter_2_rvs_pedestrian_6-10_na_na_14.86klux_20201120_189.vid,1,221
I:\VIDEO_DATA\2020_Data\PD\VIDEO\Greyscale\JP_Accord\FE\20201120\accord_jp_tp_pd_asphalt_markings_a95m_lowlight_cloudywithoutprecipitation_buildingclutter_2_rvs_pedestrian_6-10_na_na_14.86klux_20201120_190.vid,1,221
I:\VIDEO_DATA\2020_Data\PD\VIDEO\Greyscale\JP_Accord\FE\20201120\accord_jp_tp_pd_asphalt_markings_a95m_lowlight_cloudywithoutprecipitation_buildingclutter_2_rvs_pedestrian_6-10_na_na_14.86klux_20201120_191.vid,1,261
I:\VIDEO_DATA\2020_Data\PD\VIDEO\Greyscale\JP_Accord\FE\20201120\accord_jp_tp_pd_asphalt_markings_a95m_lowlight_cloudywithoutprecipitation_buildingclutter_2_rvs_pedestrian_6-10_na_na_14.86klux_20201120_192.vid,1,231
I:\VIDEO_DATA\2020_Data\PD\VIDEO\Greyscale\JP_Accord\FE\20201120\accord_jp_tp_pd_asphalt_markings_a95m_lowlight_cloudywithoutprecipitation_buildingclutter_2_rvs_pedestrian_6-10_na_na_5.39klux_20201120_241.vid,1,231
I:\VIDEO_DATA\2020_Data\PD\VIDEO\Greyscale\JP_Accord\FE\20201120\accord_jp_tp_pd_asphalt_markings_a95m_lowlight_cloudywithoutprecipitation_buildingclutter_2_rvs_pedestrian_6-10_na_na_5.39klux_20201120_242.vid,1,211
I:\VIDEO_DATA\2020_Data\PD\VIDEO\Greyscale\JP_Accord\FE\20201120\accord_jp_tp_pd_asphalt_markings_a95m_lowlight_cloudywithoutprecipitation_buildingclutter_2_rvs_pedestrian_6-10_na_na_5.39klux_20201120_243.vid,1,241
I:\VIDEO_DATA\2020_Data\PD\VIDEO\Greyscale\JP_Accord\FE\20201120\accord_jp_tp_pd_asphalt_markings_a95m_lowlight_cloudywithoutprecipitation_buildingclutter_2_rvs_pedestrian_6-10_na_na_5.39klux_20201120_244.vid,1,221
I:\VIDEO_DATA\2020_Data\PD\VIDEO\Greyscale\JP_Accord\FE\20201120\accord_jp_tp_pd_asphalt_markings_a95m_lowlight_cloudywithoutprecipitation_buildingclutter_2_rvs_pedestrian_6-10_na_na_5.39klux_20201120_245.vid,1,481
I:\VIDEO_DATA\2020_Data\PD\VIDEO\Greyscale\JP_Accord\FE\20201120\accord_jp_tp_pd_asphalt_markings_a95m_lowlight_cloudywithoutprecipitation_buildingclutter_2_rvs_pedestrian_6-10_na_na_5.39klux_20201120_246.vid,1,181
I:\VIDEO_DATA\2020_Data\PD\VIDEO\Greyscale\JP_Accord\FE\20201120\accord_jp_tp_pd_asphalt_markings_a95m_lowlight_cloudywithoutprecipitation_buildingclutter_2_rvs_pedestrian_6-10_na_na_5.39klux_20201120_247.vid,1,201
I:\VIDEO_DATA\2020_Data\PD\VIDEO\Greyscale\JP_Accord\FE\20201120\accord_jp_tp_pd_asphalt_markings_a95m_lowlight_cloudywithoutprecipitation_buildingclutter_2_rvs_pedestrian_6-10_na_na_5.39klux_20201120_248.vid,1,181
I:\VIDEO_DATA\2020_Data\PD\VIDEO\Greyscale\JP_Accord\FE\20201120\accord_jp_tp_pd_asphalt_markings_a95m_lowlight_cloudywithoutprecipitation_buildingclutter_2_rvs_pedestrian_6-10_na_na_5.39klux_20201120_249.vid,1,201
I:\VIDEO_DATA\2020_Data\PD\VIDEO\Greyscale\JP_Accord\FE\20201120\accord_jp_tp_pd_asphalt_markings_a95m_lowlight_cloudywithoutprecipitation_buildingclutter_2_rvs_pedestrian_6-10_na_na_5.39klux_20201120_250.vid,1,211
I:\VIDEO_DATA\2020_Data\PD\VIDEO\Greyscale\JP_Accord\FE\20201120\accord_jp_tp_pd_asphalt_markings_a95m_lowlight_cloudywithoutprecipitation_buildingclutter_2_rvs_pedestrian_6-10_na_na_5.39klux_20201120_251.vid,1,221
I:\VIDEO_DATA\2020_Data\PD\VIDEO\Greyscale\JP_Accord\FE\20201120\accord_jp_tp_pd_asphalt_markings_a95m_lowlight_cloudywithoutprecipitation_buildingclutter_2_rvs_pedestrian_6-10_na_na_5.39klux_20201120_252.vid,1,201
I:\VIDEO_DATA\2020_Data\PD\VIDEO\Greyscale\JP_Accord\FE\20201120\accord_jp_tp_pd_asphalt_markings_a95m_lowlight_cloudywithoutprecipitation_buildingclutter_2_rvs_pedestrian_6-10_na_na_5.8klux_20201120_265.vid,1,241
I:\VIDEO_DATA\2020_Data\PD\VIDEO\Greyscale\JP_Accord\FE\20201120\accord_jp_tp_pd_asphalt_markings_a95m_lowlight_cloudywithoutprecipitation_buildingclutter_2_rvs_pedestrian_6-10_na_na_5.8klux_20201120_266.vid,1,281
I:\VIDEO_DATA\2020_Data\PD\VIDEO\Greyscale\JP_Accord\FE\20201120\accord_jp_tp_pd_asphalt_markings_a95m_lowlight_cloudywithoutprecipitation_buildingclutter_2_rvs_pedestrian_6-10_na_na_5.8klux_20201120_267.vid,1,221
I:\VIDEO_DATA\2020_Data\PD\VIDEO\Greyscale\JP_Accord\FE\20201120\accord_jp_tp_pd_asphalt_markings_a95m_lowlight_cloudywithoutprecipitation_buildingclutter_2_rvs_pedestrian_6-10_na_na_5.8klux_20201120_268.vid,1,221
I:\VIDEO_DATA\2020_Data\PD\VIDEO\Greyscale\JP_Accord\FE\20201120\accord_jp_tp_pd_asphalt_markings_a95m_lowlight_cloudywithoutprecipitation_buildingclutter_2_rvs_pedestrian_6-10_na_na_5.8klux_20201120_269.vid,1,221
I:\VIDEO_DATA\2020_Data\PD\VIDEO\Greyscale\JP_Accord\FE\20201120\accord_jp_tp_pd_asphalt_markings_a95m_lowlight_cloudywithoutprecipitation_buildingclutter_2_rvs_pedestrian_6-10_na_na_5.8klux_20201120_270.vid,1,231
I:\VIDEO_DATA\2020_Data\PD\VIDEO\Greyscale\JP_Accord\FE\20201120\accord_jp_tp_pd_asphalt_markings_a95m_lowlight_cloudywithoutprecipitation_buildingclutter_2_rvs_pedestrian_6-10_na_na_5.8klux_20201120_271.vid,1,231
I:\VIDEO_DATA\2020_Data\PD\VIDEO\Greyscale\JP_Accord\FE\20201120\accord_jp_tp_pd_asphalt_markings_a95m_lowlight_cloudywithoutprecipitation_buildingclutter_2_rvs_pedestrian_6-10_na_na_5.8klux_20201120_272.vid,1,211
I:\VIDEO_DATA\2020_Data\PD\VIDEO\Greyscale\JP_Accord\FE\20201120\accord_jp_tp_pd_asphalt_markings_a95m_lowlight_cloudywithoutprecipitation_buildingclutter_2_rvs_pedestrian_6-10_na_na_5.8klux_20201120_273.vid,1,231
I:\VIDEO_DATA\2020_Data\PD\VIDEO\Greyscale\JP_Accord\FE\20201120\accord_jp_tp_pd_asphalt_markings_a95m_lowlight_cloudywithoutprecipitation_buildingclutter_2_rvs_pedestrian_6-10_na_na_5.8klux_20201120_274.vid,1,231
I:\VIDEO_DATA\2020_Data\PD\VIDEO\Greyscale\JP_Accord\FE\20201120\accord_jp_tp_pd_asphalt_markings_a95m_lowlight_cloudywithoutprecipitation_buildingclutter_2_rvs_pedestrian_6-10_na_na_5.8klux_20201120_275.vid,1,221
I:\VIDEO_DATA\2020_Data\PD\VIDEO\Greyscale\JP_Accord\FE\20201120\accord_jp_tp_pd_asphalt_markings_a95m_lowlight_cloudywithoutprecipitation_buildingclutter_2_rvs_pedestrian_6-10_na_na_5.8klux_20201120_276.vid,1,231
I:\VIDEO_DATA\2020_Data\PD\VIDEO\Greyscale\JP_Accord\FE\20201120\accord_jp_tp_pd_asphalt_markings_a95m_lowlight_cloudywithoutprecipitation_buildingclutter_2_rvs_pedestrian_6-10_na_na_7.2klux_20201120_253.vid,1,221
I:\VIDEO_DATA\2020_Data\PD\VIDEO\Greyscale\JP_Accord\FE\20201120\accord_jp_tp_pd_asphalt_markings_a95m_lowlight_cloudywithoutprecipitation_buildingclutter_2_rvs_pedestrian_6-10_na_na_7.2klux_20201120_254.vid,1,231
I:\VIDEO_DATA\2020_Data\PD\VIDEO\Greyscale\JP_Accord\FE\20201120\accord_jp_tp_pd_asphalt_markings_a95m_lowlight_cloudywithoutprecipitation_buildingclutter_2_rvs_pedestrian_6-10_na_na_7.2klux_20201120_255.vid,1,231
I:\VIDEO_DATA\2020_Data\PD\VIDEO\Greyscale\JP_Accord\FE\20201120\accord_jp_tp_pd_asphalt_markings_a95m_lowlight_cloudywithoutprecipitation_buildingclutter_2_rvs_pedestrian_6-10_na_na_7.2klux_20201120_256.vid,1,221
I:\VIDEO_DATA\2020_Data\PD\VIDEO\Greyscale\JP_Accord\FE\20201120\accord_jp_tp_pd_asphalt_markings_a95m_lowlight_cloudywithoutprecipitation_buildingclutter_2_rvs_pedestrian_6-10_na_na_7.2klux_20201120_257.vid,1,251
I:\VIDEO_DATA\2020_Data\PD\VIDEO\Greyscale\JP_Accord\FE\20201120\accord_jp_tp_pd_asphalt_markings_a95m_lowlight_cloudywithoutprecipitation_buildingclutter_2_rvs_pedestrian_6-10_na_na_7.2klux_20201120_258.vid,1,211
I:\VIDEO_DATA\2020_Data\PD\VIDEO\Greyscale\JP_Accord\FE\20201120\accord_jp_tp_pd_asphalt_markings_a95m_lowlight_cloudywithoutprecipitation_buildingclutter_2_rvs_pedestrian_6-10_na_na_7.2klux_20201120_259.vid,1,241
I:\VIDEO_DATA\2020_Data\PD\VIDEO\Greyscale\JP_Accord\FE\20201120\accord_jp_tp_pd_asphalt_markings_a95m_lowlight_cloudywithoutprecipitation_buildingclutter_2_rvs_pedestrian_6-10_na_na_7.2klux_20201120_260.vid,1,231
I:\VIDEO_DATA\2020_Data\PD\VIDEO\Greyscale\JP_Accord\FE\20201120\accord_jp_tp_pd_asphalt_markings_a95m_lowlight_cloudywithoutprecipitation_buildingclutter_2_rvs_pedestrian_6-10_na_na_7.2klux_20201120_261.vid,1,311
I:\VIDEO_DATA\2020_Data\PD\VIDEO\Greyscale\JP_Accord\FE\20201120\accord_jp_tp_pd_asphalt_markings_a95m_lowlight_cloudywithoutprecipitation_buildingclutter_2_rvs_pedestrian_6-10_na_na_7.2klux_20201120_262.vid,1,221
I:\VIDEO_DATA\2020_Data\PD\VIDEO\Greyscale\JP_Accord\FE\20201120\accord_jp_tp_pd_asphalt_markings_a95m_lowlight_cloudywithoutprecipitation_buildingclutter_2_rvs_pedestrian_6-10_na_na_7.2klux_20201120_263.vid,1,221
I:\VIDEO_DATA\2020_Data\PD\VIDEO\Greyscale\JP_Accord\FE\20201120\accord_jp_tp_pd_asphalt_markings_a95m_lowlight_cloudywithoutprecipitation_buildingclutter_2_rvs_pedestrian_6-10_na_na_7.2klux_20201120_264.vid,1,221
I:\VIDEO_DATA\2020_Data\PD\VIDEO\Greyscale\JP_Accord\FE\20201120\accord_jp_tp_pd_asphalt_markings_a95m_lowlight_raining_buildingclutter_2_rvs_pedestrian_1-5_na_na_6.45klux_20201120_025.vid,1,371
I:\VIDEO_DATA\2020_Data\PD\VIDEO\Greyscale\JP_Accord\FE\20201120\accord_jp_tp_pd_asphalt_markings_a95m_lowlight_raining_buildingclutter_2_rvs_pedestrian_1-5_na_na_6.45klux_20201120_026.vid,1,371
I:\VIDEO_DATA\2020_Data\PD\VIDEO\Greyscale\JP_Accord\FE\20201120\accord_jp_tp_pd_asphalt_markings_a95m_lowlight_raining_buildingclutter_2_rvs_pedestrian_1-5_na_na_6.45klux_20201120_027.vid,1,381
I:\VIDEO_DATA\2020_Data\PD\VIDEO\Greyscale\JP_Accord\FE\20201120\accord_jp_tp_pd_asphalt_markings_a95m_lowlight_raining_buildingclutter_2_rvs_pedestrian_1-5_na_na_6.45klux_20201120_028.vid,1,361
I:\VIDEO_DATA\2020_Data\PD\VIDEO\Greyscale\JP_Accord\FE\20201120\accord_jp_tp_pd_asphalt_markings_a95m_lowlight_raining_buildingclutter_2_rvs_pedestrian_1-5_na_na_6.45klux_20201120_029.vid,1,381
I:\VIDEO_DATA\2020_Data\PD\VIDEO\Greyscale\JP_Accord\FE\20201120\accord_jp_tp_pd_asphalt_markings_a95m_lowlight_raining_buildingclutter_2_rvs_pedestrian_1-5_na_na_6.45klux_20201120_030.vid,1,361
I:\VIDEO_DATA\2020_Data\PD\VIDEO\Greyscale\JP_Accord\FE\20201120\accord_jp_tp_pd_asphalt_markings_a95m_lowlight_raining_buildingclutter_2_rvs_pedestrian_1-5_na_na_6.45klux_20201120_031.vid,1,401
I:\VIDEO_DATA\2020_Data\PD\VIDEO\Greyscale\JP_Accord\FE\20201120\accord_jp_tp_pd_asphalt_markings_a95m_lowlight_raining_buildingclutter_2_rvs_pedestrian_1-5_na_na_6.45klux_20201120_032.vid,1,411
I:\VIDEO_DATA\2020_Data\PD\VIDEO\Greyscale\JP_Accord\FE\20201120\accord_jp_tp_pd_asphalt_markings_a95m_lowlight_raining_buildingclutter_2_rvs_pedestrian_1-5_na_na_6.45klux_20201120_033.vid,1,421
I:\VIDEO_DATA\2020_Data\PD\VIDEO\Greyscale\JP_Accord\FE\20201120\accord_jp_tp_pd_asphalt_markings_a95m_lowlight_raining_buildingclutter_2_rvs_pedestrian_1-5_na_na_6.45klux_20201120_034.vid,1,381
I:\VIDEO_DATA\2020_Data\PD\VIDEO\Greyscale\JP_Accord\FE\20201120\accord_jp_tp_pd_asphalt_markings_a95m_lowlight_raining_buildingclutter_2_rvs_pedestrian_1-5_na_na_6.45klux_20201120_035.vid,1,391
I:\VIDEO_DATA\2020_Data\PD\VIDEO\Greyscale\JP_Accord\FE\20201120\accord_jp_tp_pd_asphalt_markings_a95m_lowlight_raining_buildingclutter_2_rvs_pedestrian_1-5_na_na_6.45klux_20201120_036.vid,1,431
I:\VIDEO_DATA\2020_Data\PD\VIDEO\Greyscale\JP_Accord\FE\20201120\accord_jp_tp_pd_asphalt_markings_a95m_lowlight_raining_buildingclutter_2_rvs_pedestrian_1-5_na_na_7.5klux_20201120_002.vid,1,371
I:\VIDEO_DATA\2020_Data\PD\VIDEO\Greyscale\JP_Accord\FE\20201120\accord_jp_tp_pd_asphalt_markings_a95m_lowlight_raining_buildingclutter_2_rvs_pedestrian_1-5_na_na_7.5klux_20201120_003.vid,1,361
I:\VIDEO_DATA\2020_Data\PD\VIDEO\Greyscale\JP_Accord\FE\20201120\accord_jp_tp_pd_asphalt_markings_a95m_lowlight_raining_buildingclutter_2_rvs_pedestrian_1-5_na_na_7.5klux_20201120_004.vid,1,311
I:\VIDEO_DATA\2020_Data\PD\VIDEO\Greyscale\JP_Accord\FE\20201120\accord_jp_tp_pd_asphalt_markings_a95m_lowlight_raining_buildingclutter_2_rvs_pedestrian_1-5_na_na_7.5klux_20201120_005.vid,1,371
I:\VIDEO_DATA\2020_Data\PD\VIDEO\Greyscale\JP_Accord\FE\20201120\accord_jp_tp_pd_asphalt_markings_a95m_lowlight_raining_buildingclutter_2_rvs_pedestrian_1-5_na_na_7.5klux_20201120_006.vid,1,291
I:\VIDEO_DATA\2020_Data\PD\VIDEO\Greyscale\JP_Accord\FE\20201120\accord_jp_tp_pd_asphalt_markings_a95m_lowlight_raining_buildingclutter_2_rvs_pedestrian_1-5_na_na_7.5klux_20201120_007.vid,1,401
I:\VIDEO_DATA\2020_Data\PD\VIDEO\Greyscale\JP_Accord\FE\20201120\accord_jp_tp_pd_asphalt_markings_a95m_lowlight_raining_buildingclutter_2_rvs_pedestrian_1-5_na_na_7.5klux_20201120_008.vid,1,351
I:\VIDEO_DATA\2020_Data\PD\VIDEO\Greyscale\JP_Accord\FE\20201120\accord_jp_tp_pd_asphalt_markings_a95m_lowlight_raining_buildingclutter_2_rvs_pedestrian_1-5_na_na_7.5klux_20201120_009.vid,1,351
I:\VIDEO_DATA\2020_Data\PD\VIDEO\Greyscale\JP_Accord\FE\20201120\accord_jp_tp_pd_asphalt_markings_a95m_lowlight_raining_buildingclutter_2_rvs_pedestrian_1-5_na_na_8.3klux_20201120_013.vid,1,271
I:\VIDEO_DATA\2020_Data\PD\VIDEO\Greyscale\JP_Accord\FE\20201120\accord_jp_tp_pd_asphalt_markings_a95m_lowlight_raining_buildingclutter_2_rvs_pedestrian_1-5_na_na_8.3klux_20201120_014.vid,1,391
I:\VIDEO_DATA\2020_Data\PD\VIDEO\Greyscale\JP_Accord\FE\20201120\accord_jp_tp_pd_asphalt_markings_a95m_lowlight_raining_buildingclutter_2_rvs_pedestrian_1-5_na_na_8.3klux_20201120_015.vid,1,371
I:\VIDEO_DATA\2020_Data\PD\VIDEO\Greyscale\JP_Accord\FE\20201120\accord_jp_tp_pd_asphalt_markings_a95m_lowlight_raining_buildingclutter_2_rvs_pedestrian_1-5_na_na_8.3klux_20201120_016.vid,1,341
I:\VIDEO_DATA\2020_Data\PD\VIDEO\Greyscale\JP_Accord\FE\20201120\accord_jp_tp_pd_asphalt_markings_a95m_lowlight_raining_buildingclutter_2_rvs_pedestrian_1-5_na_na_8.3klux_20201120_017.vid,1,331
I:\VIDEO_DATA\2020_Data\PD\VIDEO\Greyscale\JP_Accord\FE\20201120\accord_jp_tp_pd_asphalt_markings_a95m_lowlight_raining_buildingclutter_2_rvs_pedestrian_1-5_na_na_8.3klux_20201120_018.vid,1,321
I:\VIDEO_DATA\2020_Data\PD\VIDEO\Greyscale\JP_Accord\FE\20201120\accord_jp_tp_pd_asphalt_markings_a95m_lowlight_raining_buildingclutter_2_rvs_pedestrian_1-5_na_na_8.3klux_20201120_019.vid,1,341
I:\VIDEO_DATA\2020_Data\PD\VIDEO\Greyscale\JP_Accord\FE\20201120\accord_jp_tp_pd_asphalt_markings_a95m_lowlight_raining_buildingclutter_2_rvs_pedestrian_1-5_na_na_8.3klux_20201120_020.vid,1,301
I:\VIDEO_DATA\2020_Data\PD\VIDEO\Greyscale\JP_Accord\FE\20201120\accord_jp_tp_pd_asphalt_markings_a95m_lowlight_raining_buildingclutter_2_rvs_pedestrian_1-5_na_na_8.3klux_20201120_021.vid,1,311
I:\VIDEO_DATA\2020_Data\PD\VIDEO\Greyscale\JP_Accord\FE\20201120\accord_jp_tp_pd_asphalt_markings_a95m_lowlight_raining_buildingclutter_2_rvs_pedestrian_1-5_na_na_8.3klux_20201120_022.vid,1,311
I:\VIDEO_DATA\2020_Data\PD\VIDEO\Greyscale\JP_Accord\FE\20201120\accord_jp_tp_pd_asphalt_markings_a95m_lowlight_raining_buildingclutter_2_rvs_pedestrian_1-5_na_na_8.3klux_20201120_023.vid,1,321
I:\VIDEO_DATA\2020_Data\PD\VIDEO\Greyscale\JP_Accord\FE\20201120\accord_jp_tp_pd_asphalt_markings_a95m_lowlight_raining_buildingclutter_2_rvs_pedestrian_1-5_na_na_8.3klux_20201120_024.vid,1,321
I:\VIDEO_DATA\2020_Data\PD\VIDEO\Greyscale\JP_Accord\FE\20201120\accord_jp_tp_pd_asphalt_markings_a95m_mediumlight_cloudywithoutprecipitation_buildingclutter_2_rvs_pedestrian_1-5_na_na_16.26klux_20201120_133.vid,1,391
I:\VIDEO_DATA\2020_Data\PD\VIDEO\Greyscale\JP_Accord\FE\20201120\accord_jp_tp_pd_asphalt_markings_a95m_mediumlight_cloudywithoutprecipitation_buildingclutter_2_rvs_pedestrian_1-5_na_na_16.26klux_20201120_134.vid,1,351
I:\VIDEO_DATA\2020_Data\PD\VIDEO\Greyscale\JP_Accord\FE\20201120\accord_jp_tp_pd_asphalt_markings_a95m_mediumlight_cloudywithoutprecipitation_buildingclutter_2_rvs_pedestrian_1-5_na_na_16.26klux_20201120_135.vid,1,331
I:\VIDEO_DATA\2020_Data\PD\VIDEO\Greyscale\JP_Accord\FE\20201120\accord_jp_tp_pd_asphalt_markings_a95m_mediumlight_cloudywithoutprecipitation_buildingclutter_2_rvs_pedestrian_1-5_na_na_16.26klux_20201120_136.vid,1,331
I:\VIDEO_DATA\2020_Data\PD\VIDEO\Greyscale\JP_Accord\FE\20201120\accord_jp_tp_pd_asphalt_markings_a95m_mediumlight_cloudywithoutprecipitation_buildingclutter_2_rvs_pedestrian_1-5_na_na_16.26klux_20201120_137.vid,1,361
I:\VIDEO_DATA\2020_Data\PD\VIDEO\Greyscale\JP_Accord\FE\20201120\accord_jp_tp_pd_asphalt_markings_a95m_mediumlight_cloudywithoutprecipitation_buildingclutter_2_rvs_pedestrian_1-5_na_na_16.26klux_20201120_138.vid,1,341
I:\VIDEO_DATA\2020_Data\PD\VIDEO\Greyscale\JP_Accord\FE\20201120\accord_jp_tp_pd_asphalt_markings_a95m_mediumlight_cloudywithoutprecipitation_buildingclutter_2_rvs_pedestrian_1-5_na_na_16.26klux_20201120_139.vid,1,381
I:\VIDEO_DATA\2020_Data\PD\VIDEO\Greyscale\JP_Accord\FE\20201120\accord_jp_tp_pd_asphalt_markings_a95m_mediumlight_cloudywithoutprecipitation_buildingclutter_2_rvs_pedestrian_1-5_na_na_16.26klux_20201120_140.vid,1,401
I:\VIDEO_DATA\2020_Data\PD\VIDEO\Greyscale\JP_Accord\FE\20201120\accord_jp_tp_pd_asphalt_markings_a95m_mediumlight_cloudywithoutprecipitation_buildingclutter_2_rvs_pedestrian_1-5_na_na_16.26klux_20201120_141.vid,1,411
I:\VIDEO_DATA\2020_Data\PD\VIDEO\Greyscale\JP_Accord\FE\20201120\accord_jp_tp_pd_asphalt_markings_a95m_mediumlight_cloudywithoutprecipitation_buildingclutter_2_rvs_pedestrian_1-5_na_na_16.26klux_20201120_142.vid,1,391
I:\VIDEO_DATA\2020_Data\PD\VIDEO\Greyscale\JP_Accord\FE\20201120\accord_jp_tp_pd_asphalt_markings_a95m_mediumlight_cloudywithoutprecipitation_buildingclutter_2_rvs_pedestrian_1-5_na_na_16.26klux_20201120_143.vid,1,391
I:\VIDEO_DATA\2020_Data\PD\VIDEO\Greyscale\JP_Accord\FE\20201120\accord_jp_tp_pd_asphalt_markings_a95m_mediumlight_cloudywithoutprecipitation_buildingclutter_2_rvs_pedestrian_1-5_na_na_16.26klux_20201120_144.vid,1,391
I:\VIDEO_DATA\2020_Data\PD\VIDEO\Greyscale\JP_Accord\FE\20201120\accord_jp_tp_pd_asphalt_markings_a95m_mediumlight_cloudywithoutprecipitation_buildingclutter_2_rvs_pedestrian_1-5_na_na_16.95klux_20201120_097.vid,1,331
I:\VIDEO_DATA\2020_Data\PD\VIDEO\Greyscale\JP_Accord\FE\20201120\accord_jp_tp_pd_asphalt_markings_a95m_mediumlight_cloudywithoutprecipitation_buildingclutter_2_rvs_pedestrian_1-5_na_na_16.95klux_20201120_098.vid,1,301
I:\VIDEO_DATA\2020_Data\PD\VIDEO\Greyscale\JP_Accord\FE\20201120\accord_jp_tp_pd_asphalt_markings_a95m_mediumlight_cloudywithoutprecipitation_buildingclutter_2_rvs_pedestrian_1-5_na_na_16.95klux_20201120_099.vid,1,291
I:\VIDEO_DATA\2020_Data\PD\VIDEO\Greyscale\JP_Accord\FE\20201120\accord_jp_tp_pd_asphalt_markings_a95m_mediumlight_cloudywithoutprecipitation_buildingclutter_2_rvs_pedestrian_1-5_na_na_16.95klux_20201120_100.vid,1,281
I:\VIDEO_DATA\2020_Data\PD\VIDEO\Greyscale\JP_Accord\FE\20201120\accord_jp_tp_pd_asphalt_markings_a95m_mediumlight_cloudywithoutprecipitation_buildingclutter_2_rvs_pedestrian_1-5_na_na_16.95klux_20201120_101.vid,1,281
I:\VIDEO_DATA\2020_Data\PD\VIDEO\Greyscale\JP_Accord\FE\20201120\accord_jp_tp_pd_asphalt_markings_a95m_mediumlight_cloudywithoutprecipitation_buildingclutter_2_rvs_pedestrian_1-5_na_na_16.95klux_20201120_102.vid,1,331
I:\VIDEO_DATA\2020_Data\PD\VIDEO\Greyscale\JP_Accord\FE\20201120\accord_jp_tp_pd_asphalt_markings_a95m_mediumlight_cloudywithoutprecipitation_buildingclutter_2_rvs_pedestrian_1-5_na_na_16.95klux_20201120_103.vid,1,301
I:\VIDEO_DATA\2020_Data\PD\VIDEO\Greyscale\JP_Accord\FE\20201120\accord_jp_tp_pd_asphalt_markings_a95m_mediumlight_cloudywithoutprecipitation_buildingclutter_2_rvs_pedestrian_1-5_na_na_16.95klux_20201120_104.vid,1,311
I:\VIDEO_DATA\2020_Data\PD\VIDEO\Greyscale\JP_Accord\FE\20201120\accord_jp_tp_pd_asphalt_markings_a95m_mediumlight_cloudywithoutprecipitation_buildingclutter_2_rvs_pedestrian_1-5_na_na_16.95klux_20201120_105.vid,1,331
I:\VIDEO_DATA\2020_Data\PD\VIDEO\Greyscale\JP_Accord\FE\20201120\accord_jp_tp_pd_asphalt_markings_a95m_mediumlight_cloudywithoutprecipitation_buildingclutter_2_rvs_pedestrian_1-5_na_na_16.95klux_20201120_106.vid,1,321
I:\VIDEO_DATA\2020_Data\PD\VIDEO\Greyscale\JP_Accord\FE\20201120\accord_jp_tp_pd_asphalt_markings_a95m_mediumlight_cloudywithoutprecipitation_buildingclutter_2_rvs_pedestrian_1-5_na_na_16.95klux_20201120_107.vid,1,311
I:\VIDEO_DATA\2020_Data\PD\VIDEO\Greyscale\JP_Accord\FE\20201120\accord_jp_tp_pd_asphalt_markings_a95m_mediumlight_cloudywithoutprecipitation_buildingclutter_2_rvs_pedestrian_1-5_na_na_16.95klux_20201120_108.vid,1,281
I:\VIDEO_DATA\2020_Data\PD\VIDEO\Greyscale\JP_Accord\FE\20201120\accord_jp_tp_pd_asphalt_markings_a95m_mediumlight_cloudywithoutprecipitation_buildingclutter_2_rvs_pedestrian_1-5_na_na_17.19klux_20201120_193.vid,1,271
I:\VIDEO_DATA\2020_Data\PD\VIDEO\Greyscale\JP_Accord\FE\20201120\accord_jp_tp_pd_asphalt_markings_a95m_mediumlight_cloudywithoutprecipitation_buildingclutter_2_rvs_pedestrian_1-5_na_na_17.19klux_20201120_194.vid,1,291
I:\VIDEO_DATA\2020_Data\PD\VIDEO\Greyscale\JP_Accord\FE\20201120\accord_jp_tp_pd_asphalt_markings_a95m_mediumlight_cloudywithoutprecipitation_buildingclutter_2_rvs_pedestrian_1-5_na_na_17.19klux_20201120_195.vid,1,281
I:\VIDEO_DATA\2020_Data\PD\VIDEO\Greyscale\JP_Accord\FE\20201120\accord_jp_tp_pd_asphalt_markings_a95m_mediumlight_cloudywithoutprecipitation_buildingclutter_2_rvs_pedestrian_1-5_na_na_17.19klux_20201120_196.vid,1,281
I:\VIDEO_DATA\2020_Data\PD\VIDEO\Greyscale\JP_Accord\FE\20201120\accord_jp_tp_pd_asphalt_markings_a95m_mediumlight_cloudywithoutprecipitation_buildingclutter_2_rvs_pedestrian_1-5_na_na_17.19klux_20201120_197.vid,1,301
I:\VIDEO_DATA\2020_Data\PD\VIDEO\Greyscale\JP_Accord\FE\20201120\accord_jp_tp_pd_asphalt_markings_a95m_mediumlight_cloudywithoutprecipitation_buildingclutter_2_rvs_pedestrian_1-5_na_na_17.19klux_20201120_198.vid,1,251
I:\VIDEO_DATA\2020_Data\PD\VIDEO\Greyscale\JP_Accord\FE\20201120\accord_jp_tp_pd_asphalt_markings_a95m_mediumlight_cloudywithoutprecipitation_buildingclutter_2_rvs_pedestrian_1-5_na_na_17.19klux_20201120_199.vid,1,291
I:\VIDEO_DATA\2020_Data\PD\VIDEO\Greyscale\JP_Accord\FE\20201120\accord_jp_tp_pd_asphalt_markings_a95m_mediumlight_cloudywithoutprecipitation_buildingclutter_2_rvs_pedestrian_1-5_na_na_17.19klux_20201120_200.vid,1,291
I:\VIDEO_DATA\2020_Data\PD\VIDEO\Greyscale\JP_Accord\FE\20201120\accord_jp_tp_pd_asphalt_markings_a95m_mediumlight_cloudywithoutprecipitation_buildingclutter_2_rvs_pedestrian_1-5_na_na_17.19klux_20201120_201.vid,1,291
I:\VIDEO_DATA\2020_Data\PD\VIDEO\Greyscale\JP_Accord\FE\20201120\accord_jp_tp_pd_asphalt_markings_a95m_mediumlight_cloudywithoutprecipitation_buildingclutter_2_rvs_pedestrian_1-5_na_na_17.19klux_20201120_202.vid,1,291
I:\VIDEO_DATA\2020_Data\PD\VIDEO\Greyscale\JP_Accord\FE\20201120\accord_jp_tp_pd_asphalt_markings_a95m_mediumlight_cloudywithoutprecipitation_buildingclutter_2_rvs_pedestrian_1-5_na_na_17.19klux_20201120_203.vid,1,291
I:\VIDEO_DATA\2020_Data\PD\VIDEO\Greyscale\JP_Accord\FE\20201120\accord_jp_tp_pd_asphalt_markings_a95m_mediumlight_cloudywithoutprecipitation_buildingclutter_2_rvs_pedestrian_1-5_na_na_17.19klux_20201120_204.vid,1,271
I:\VIDEO_DATA\2020_Data\PD\VIDEO\Greyscale\JP_Accord\FE\20201120\accord_jp_tp_pd_asphalt_markings_a95m_mediumlight_cloudywithoutprecipitation_buildingclutter_2_rvs_pedestrian_6-10_na_na_13.5klux_20201120_157.vid,1,211
I:\VIDEO_DATA\2020_Data\PD\VIDEO\Greyscale\JP_Accord\FE\20201120\accord_jp_tp_pd_asphalt_markings_a95m_mediumlight_cloudywithoutprecipitation_buildingclutter_2_rvs_pedestrian_6-10_na_na_15.3klux_20201120_145.vid,1,271
I:\VIDEO_DATA\2020_Data\PD\VIDEO\Greyscale\JP_Accord\FE\20201120\accord_jp_tp_pd_asphalt_markings_a95m_mediumlight_cloudywithoutprecipitation_buildingclutter_2_rvs_pedestrian_6-10_na_na_15.3klux_20201120_146.vid,1,241
I:\VIDEO_DATA\2020_Data\PD\VIDEO\Greyscale\JP_Accord\FE\20201120\accord_jp_tp_pd_asphalt_markings_a95m_mediumlight_cloudywithoutprecipitation_buildingclutter_2_rvs_pedestrian_6-10_na_na_15.3klux_20201120_147.vid,1,251
I:\VIDEO_DATA\2020_Data\PD\VIDEO\Greyscale\JP_Accord\FE\20201120\accord_jp_tp_pd_asphalt_markings_a95m_mediumlight_cloudywithoutprecipitation_buildingclutter_2_rvs_pedestrian_6-10_na_na_15.3klux_20201120_148.vid,1,251
I:\VIDEO_DATA\2020_Data\PD\VIDEO\Greyscale\JP_Accord\FE\20201120\accord_jp_tp_pd_asphalt_markings_a95m_mediumlight_cloudywithoutprecipitation_buildingclutter_2_rvs_pedestrian_6-10_na_na_15.3klux_20201120_149.vid,1,231
I:\VIDEO_DATA\2020_Data\PD\VIDEO\Greyscale\JP_Accord\FE\20201120\accord_jp_tp_pd_asphalt_markings_a95m_mediumlight_cloudywithoutprecipitation_buildingclutter_2_rvs_pedestrian_6-10_na_na_15.3klux_20201120_150.vid,1,211
I:\VIDEO_DATA\2020_Data\PD\VIDEO\Greyscale\JP_Accord\FE\20201120\accord_jp_tp_pd_asphalt_markings_a95m_mediumlight_cloudywithoutprecipitation_buildingclutter_2_rvs_pedestrian_6-10_na_na_15.3klux_20201120_151.vid,1,231
I:\VIDEO_DATA\2020_Data\PD\VIDEO\Greyscale\JP_Accord\FE\20201120\accord_jp_tp_pd_asphalt_markings_a95m_mediumlight_cloudywithoutprecipitation_buildingclutter_2_rvs_pedestrian_6-10_na_na_15.3klux_20201120_152.vid,1,231
I:\VIDEO_DATA\2020_Data\PD\VIDEO\Greyscale\JP_Accord\FE\20201120\accord_jp_tp_pd_asphalt_markings_a95m_mediumlight_cloudywithoutprecipitation_buildingclutter_2_rvs_pedestrian_6-10_na_na_15.3klux_20201120_153.vid,1,241
I:\VIDEO_DATA\2020_Data\PD\VIDEO\Greyscale\JP_Accord\FE\20201120\accord_jp_tp_pd_asphalt_markings_a95m_mediumlight_cloudywithoutprecipitation_buildingclutter_2_rvs_pedestrian_6-10_na_na_15.3klux_20201120_154.vid,1,261
I:\VIDEO_DATA\2020_Data\PD\VIDEO\Greyscale\JP_Accord\FE\20201120\accord_jp_tp_pd_asphalt_markings_a95m_mediumlight_cloudywithoutprecipitation_buildingclutter_2_rvs_pedestrian_6-10_na_na_15.3klux_20201120_155.vid,1,231
I:\VIDEO_DATA\2020_Data\PD\VIDEO\Greyscale\JP_Accord\FE\20201120\accord_jp_tp_pd_asphalt_markings_a95m_mediumlight_cloudywithoutprecipitation_buildingclutter_2_rvs_pedestrian_6-10_na_na_15.3klux_20201120_156.vid,1,231
I:\VIDEO_DATA\2020_Data\PD\VIDEO\Greyscale\JP_Accord\FE\20201120\accord_jp_tp_pd_asphalt_markings_a95m_mediumlight_cloudywithoutprecipitation_buildingclutter_2_rvs_pedestrian_6-10_na_na_16.95klux_20201120_085.vid,1,721
I:\VIDEO_DATA\2020_Data\PD\VIDEO\Greyscale\JP_Accord\FE\20201120\accord_jp_tp_pd_asphalt_markings_a95m_mediumlight_cloudywithoutprecipitation_buildingclutter_2_rvs_pedestrian_6-10_na_na_16.95klux_20201120_086.vid,1,321
I:\VIDEO_DATA\2020_Data\PD\VIDEO\Greyscale\JP_Accord\FE\20201120\accord_jp_tp_pd_asphalt_markings_a95m_mediumlight_cloudywithoutprecipitation_buildingclutter_2_rvs_pedestrian_6-10_na_na_16.95klux_20201120_087.vid,1,221
I:\VIDEO_DATA\2020_Data\PD\VIDEO\Greyscale\JP_Accord\FE\20201120\accord_jp_tp_pd_asphalt_markings_a95m_mediumlight_cloudywithoutprecipitation_buildingclutter_2_rvs_pedestrian_6-10_na_na_16.95klux_20201120_088.vid,1,231
I:\VIDEO_DATA\2020_Data\PD\VIDEO\Greyscale\JP_Accord\FE\20201120\accord_jp_tp_pd_asphalt_markings_a95m_mediumlight_cloudywithoutprecipitation_buildingclutter_2_rvs_pedestrian_6-10_na_na_16.95klux_20201120_089.vid,1,221
I:\VIDEO_DATA\2020_Data\PD\VIDEO\Greyscale\JP_Accord\FE\20201120\accord_jp_tp_pd_asphalt_markings_a95m_mediumlight_cloudywithoutprecipitation_buildingclutter_2_rvs_pedestrian_6-10_na_na_16.95klux_20201120_090.vid,1,211
I:\VIDEO_DATA\2020_Data\PD\VIDEO\Greyscale\JP_Accord\FE\20201120\accord_jp_tp_pd_asphalt_markings_a95m_mediumlight_cloudywithoutprecipitation_buildingclutter_2_rvs_pedestrian_6-10_na_na_16.95klux_20201120_091.vid,1,211
I:\VIDEO_DATA\2020_Data\PD\VIDEO\Greyscale\JP_Accord\FE\20201120\accord_jp_tp_pd_asphalt_markings_a95m_mediumlight_cloudywithoutprecipitation_buildingclutter_2_rvs_pedestrian_6-10_na_na_16.95klux_20201120_092.vid,1,241
I:\VIDEO_DATA\2020_Data\PD\VIDEO\Greyscale\JP_Accord\FE\20201120\accord_jp_tp_pd_asphalt_markings_a95m_mediumlight_cloudywithoutprecipitation_buildingclutter_2_rvs_pedestrian_6-10_na_na_16.95klux_20201120_093.vid,1,241
I:\VIDEO_DATA\2020_Data\PD\VIDEO\Greyscale\JP_Accord\FE\20201120\accord_jp_tp_pd_asphalt_markings_a95m_mediumlight_cloudywithoutprecipitation_buildingclutter_2_rvs_pedestrian_6-10_na_na_16.95klux_20201120_094.vid,1,221
I:\VIDEO_DATA\2020_Data\PD\VIDEO\Greyscale\JP_Accord\FE\20201120\accord_jp_tp_pd_asphalt_markings_a95m_mediumlight_cloudywithoutprecipitation_buildingclutter_2_rvs_pedestrian_6-10_na_na_16.95klux_20201120_095.vid,1,221
I:\VIDEO_DATA\2020_Data\PD\VIDEO\Greyscale\JP_Accord\FE\20201120\accord_jp_tp_pd_asphalt_markings_a95m_mediumlight_cloudywithoutprecipitation_buildingclutter_2_rvs_pedestrian_6-10_na_na_16.95klux_20201120_096.vid,1,211
I:\VIDEO_DATA\2020_Data\PD\VIDEO\Greyscale\JP_Accord\FE\20201120\accord_jp_tp_pd_asphalt_markings_a95m_mediumlight_cloudywithoutprecipitation_buildingclutter_2_rvs_pedestrian_6-10_na_na_17.1klux_20201120_061.vid,1,231
I:\VIDEO_DATA\2020_Data\PD\VIDEO\Greyscale\JP_Accord\FE\20201120\accord_jp_tp_pd_asphalt_markings_a95m_mediumlight_cloudywithoutprecipitation_buildingclutter_2_rvs_pedestrian_6-10_na_na_17.1klux_20201120_062.vid,1,201
I:\VIDEO_DATA\2020_Data\PD\VIDEO\Greyscale\JP_Accord\FE\20201120\accord_jp_tp_pd_asphalt_markings_a95m_mediumlight_cloudywithoutprecipitation_buildingclutter_2_rvs_pedestrian_6-10_na_na_17.1klux_20201120_063.vid,1,191
I:\VIDEO_DATA\2020_Data\PD\VIDEO\Greyscale\JP_Accord\FE\20201120\accord_jp_tp_pd_asphalt_markings_a95m_mediumlight_cloudywithoutprecipitation_buildingclutter_2_rvs_pedestrian_6-10_na_na_17.1klux_20201120_064.vid,1,201
I:\VIDEO_DATA\2020_Data\PD\VIDEO\Greyscale\JP_Accord\FE\20201120\accord_jp_tp_pd_asphalt_markings_a95m_mediumlight_cloudywithoutprecipitation_buildingclutter_2_rvs_pedestrian_6-10_na_na_17.1klux_20201120_065.vid,1,211
I:\VIDEO_DATA\2020_Data\PD\VIDEO\Greyscale\JP_Accord\FE\20201120\accord_jp_tp_pd_asphalt_markings_a95m_mediumlight_cloudywithoutprecipitation_buildingclutter_2_rvs_pedestrian_6-10_na_na_17.1klux_20201120_066.vid,1,201
I:\VIDEO_DATA\2020_Data\PD\VIDEO\Greyscale\JP_Accord\FE\20201120\accord_jp_tp_pd_asphalt_markings_a95m_mediumlight_cloudywithoutprecipitation_buildingclutter_2_rvs_pedestrian_6-10_na_na_17.1klux_20201120_067.vid,1,201
I:\VIDEO_DATA\2020_Data\PD\VIDEO\Greyscale\JP_Accord\FE\20201120\accord_jp_tp_pd_asphalt_markings_a95m_mediumlight_cloudywithoutprecipitation_buildingclutter_2_rvs_pedestrian_6-10_na_na_17.1klux_20201120_068.vid,1,211
I:\VIDEO_DATA\2020_Data\PD\VIDEO\Greyscale\JP_Accord\FE\20201120\accord_jp_tp_pd_asphalt_markings_a95m_mediumlight_cloudywithoutprecipitation_buildingclutter_2_rvs_pedestrian_6-10_na_na_17.1klux_20201120_069.vid,1,211
I:\VIDEO_DATA\2020_Data\PD\VIDEO\Greyscale\JP_Accord\FE\20201120\accord_jp_tp_pd_asphalt_markings_a95m_mediumlight_cloudywithoutprecipitation_buildingclutter_2_rvs_pedestrian_6-10_na_na_17.1klux_20201120_070.vid,1,261
I:\VIDEO_DATA\2020_Data\PD\VIDEO\Greyscale\JP_Accord\FE\20201120\accord_jp_tp_pd_asphalt_markings_a95m_mediumlight_cloudywithoutprecipitation_buildingclutter_2_rvs_pedestrian_6-10_na_na_17.1klux_20201120_071.vid,1,231
I:\VIDEO_DATA\2020_Data\PD\VIDEO\Greyscale\JP_Accord\FE\20201120\accord_jp_tp_pd_asphalt_markings_a95m_mediumlight_cloudywithoutprecipitation_buildingclutter_2_rvs_pedestrian_6-10_na_na_17.1klux_20201120_072.vid,1,241
I:\VIDEO_DATA\2020_Data\PD\VIDEO\Greyscale\JP_Accord\FE\20201120\accord_jp_tp_pd_asphalt_markings_a95m_mediumlight_cloudywithoutprecipitation_buildingclutter_2_rvs_pedestrian_6-10_na_na_17klux_20201120_073.vid,1,241
I:\VIDEO_DATA\2020_Data\PD\VIDEO\Greyscale\JP_Accord\FE\20201120\accord_jp_tp_pd_asphalt_markings_a95m_mediumlight_cloudywithoutprecipitation_buildingclutter_2_rvs_pedestrian_6-10_na_na_17klux_20201120_074.vid,1,241
I:\VIDEO_DATA\2020_Data\PD\VIDEO\Greyscale\JP_Accord\FE\20201120\accord_jp_tp_pd_asphalt_markings_a95m_mediumlight_cloudywithoutprecipitation_buildingclutter_2_rvs_pedestrian_6-10_na_na_17klux_20201120_075.vid,1,231
I:\VIDEO_DATA\2020_Data\PD\VIDEO\Greyscale\JP_Accord\FE\20201120\accord_jp_tp_pd_asphalt_markings_a95m_mediumlight_cloudywithoutprecipitation_buildingclutter_2_rvs_pedestrian_6-10_na_na_17klux_20201120_076.vid,1,241
I:\VIDEO_DATA\2020_Data\PD\VIDEO\Greyscale\JP_Accord\FE\20201120\accord_jp_tp_pd_asphalt_markings_a95m_mediumlight_cloudywithoutprecipitation_buildingclutter_2_rvs_pedestrian_6-10_na_na_17klux_20201120_077.vid,1,271
I:\VIDEO_DATA\2020_Data\PD\VIDEO\Greyscale\JP_Accord\FE\20201120\accord_jp_tp_pd_asphalt_markings_a95m_mediumlight_cloudywithoutprecipitation_buildingclutter_2_rvs_pedestrian_6-10_na_na_17klux_20201120_078.vid,1,301
I:\VIDEO_DATA\2020_Data\PD\VIDEO\Greyscale\JP_Accord\FE\20201120\accord_jp_tp_pd_asphalt_markings_a95m_mediumlight_cloudywithoutprecipitation_buildingclutter_2_rvs_pedestrian_6-10_na_na_17klux_20201120_079.vid,1,221
I:\VIDEO_DATA\2020_Data\PD\VIDEO\Greyscale\JP_Accord\FE\20201120\accord_jp_tp_pd_asphalt_markings_a95m_mediumlight_cloudywithoutprecipitation_buildingclutter_2_rvs_pedestrian_6-10_na_na_17klux_20201120_080.vid,1,201
I:\VIDEO_DATA\2020_Data\PD\VIDEO\Greyscale\JP_Accord\FE\20201120\accord_jp_tp_pd_asphalt_markings_a95m_mediumlight_cloudywithoutprecipitation_buildingclutter_2_rvs_pedestrian_6-10_na_na_17klux_20201120_081.vid,1,221
I:\VIDEO_DATA\2020_Data\PD\VIDEO\Greyscale\JP_Accord\FE\20201120\accord_jp_tp_pd_asphalt_markings_a95m_mediumlight_cloudywithoutprecipitation_buildingclutter_2_rvs_pedestrian_6-10_na_na_17klux_20201120_082.vid,1,231
I:\VIDEO_DATA\2020_Data\PD\VIDEO\Greyscale\JP_Accord\FE\20201120\accord_jp_tp_pd_asphalt_markings_a95m_mediumlight_cloudywithoutprecipitation_buildingclutter_2_rvs_pedestrian_6-10_na_na_17klux_20201120_083.vid,1,241
I:\VIDEO_DATA\2020_Data\PD\VIDEO\Greyscale\JP_Accord\FE\20201120\accord_jp_tp_pd_asphalt_markings_a95m_mediumlight_cloudywithoutprecipitation_buildingclutter_2_rvs_pedestrian_6-10_na_na_17klux_20201120_084.vid,1,251
,"117886
",117881
