I:\VIDEO_DATA\2020_Data\PD\VIDEO\Greyscale\JP_Accord\FE\20201120\accord_jp_tp_pd_asphalt_markings_a95m_lowlight_cloudywithoutprecipitation_buildingclutter_2_rvs_pedestrian_1-5_na_na_1.07klux_20201120_325.vid,397
I:\VIDEO_DATA\2020_Data\PD\VIDEO\Greyscale\JP_Accord\FE\20201120\accord_jp_tp_pd_asphalt_markings_a95m_lowlight_cloudywithoutprecipitation_buildingclutter_2_rvs_pedestrian_1-5_na_na_1.07klux_20201120_326.vid,435
I:\VIDEO_DATA\2020_Data\PD\VIDEO\Greyscale\JP_Accord\FE\20201120\accord_jp_tp_pd_asphalt_markings_a95m_lowlight_cloudywithoutprecipitation_buildingclutter_2_rvs_pedestrian_1-5_na_na_1.07klux_20201120_327.vid,473
I:\VIDEO_DATA\2020_Data\PD\VIDEO\Greyscale\JP_Accord\FE\20201120\accord_jp_tp_pd_asphalt_markings_a95m_lowlight_cloudywithoutprecipitation_buildingclutter_2_rvs_pedestrian_1-5_na_na_1.07klux_20201120_328.vid,401
I:\VIDEO_DATA\2020_Data\PD\VIDEO\Greyscale\JP_Accord\FE\20201120\accord_jp_tp_pd_asphalt_markings_a95m_lowlight_cloudywithoutprecipitation_buildingclutter_2_rvs_pedestrian_1-5_na_na_1.07klux_20201120_329.vid,417
I:\VIDEO_DATA\2020_Data\PD\VIDEO\Greyscale\JP_Accord\FE\20201120\accord_jp_tp_pd_asphalt_markings_a95m_lowlight_cloudywithoutprecipitation_buildingclutter_2_rvs_pedestrian_1-5_na_na_1.07klux_20201120_330.vid,411
I:\VIDEO_DATA\2020_Data\PD\VIDEO\Greyscale\JP_Accord\FE\20201120\accord_jp_tp_pd_asphalt_markings_a95m_lowlight_cloudywithoutprecipitation_buildingclutter_2_rvs_pedestrian_1-5_na_na_1.07klux_20201120_331.vid,413
I:\VIDEO_DATA\2020_Data\PD\VIDEO\Greyscale\JP_Accord\FE\20201120\accord_jp_tp_pd_asphalt_markings_a95m_lowlight_cloudywithoutprecipitation_buildingclutter_2_rvs_pedestrian_1-5_na_na_1.07klux_20201120_332.vid,413
I:\VIDEO_DATA\2020_Data\PD\VIDEO\Greyscale\JP_Accord\FE\20201120\accord_jp_tp_pd_asphalt_markings_a95m_lowlight_cloudywithoutprecipitation_buildingclutter_2_rvs_pedestrian_1-5_na_na_1.07klux_20201120_333.vid,434
I:\VIDEO_DATA\2020_Data\PD\VIDEO\Greyscale\JP_Accord\FE\20201120\accord_jp_tp_pd_asphalt_markings_a95m_lowlight_cloudywithoutprecipitation_buildingclutter_2_rvs_pedestrian_1-5_na_na_1.07klux_20201120_334.vid,445
I:\VIDEO_DATA\2020_Data\PD\VIDEO\Greyscale\JP_Accord\FE\20201120\accord_jp_tp_pd_asphalt_markings_a95m_lowlight_cloudywithoutprecipitation_buildingclutter_2_rvs_pedestrian_1-5_na_na_1.07klux_20201120_335.vid,349
I:\VIDEO_DATA\2020_Data\PD\VIDEO\Greyscale\JP_Accord\FE\20201120\accord_jp_tp_pd_asphalt_markings_a95m_lowlight_cloudywithoutprecipitation_buildingclutter_2_rvs_pedestrian_1-5_na_na_1.07klux_20201120_336.vid,416
I:\VIDEO_DATA\2020_Data\PD\VIDEO\Greyscale\JP_Accord\FE\20201120\accord_jp_tp_pd_asphalt_markings_a95m_lowlight_cloudywithoutprecipitation_buildingclutter_2_rvs_pedestrian_1-5_na_na_1.62klux_20201120_313.vid,364
I:\VIDEO_DATA\2020_Data\PD\VIDEO\Greyscale\JP_Accord\FE\20201120\accord_jp_tp_pd_asphalt_markings_a95m_lowlight_cloudywithoutprecipitation_buildingclutter_2_rvs_pedestrian_1-5_na_na_1.62klux_20201120_314.vid,385
I:\VIDEO_DATA\2020_Data\PD\VIDEO\Greyscale\JP_Accord\FE\20201120\accord_jp_tp_pd_asphalt_markings_a95m_lowlight_cloudywithoutprecipitation_buildingclutter_2_rvs_pedestrian_1-5_na_na_1.62klux_20201120_315.vid,402
I:\VIDEO_DATA\2020_Data\PD\VIDEO\Greyscale\JP_Accord\FE\20201120\accord_jp_tp_pd_asphalt_markings_a95m_lowlight_cloudywithoutprecipitation_buildingclutter_2_rvs_pedestrian_1-5_na_na_1.62klux_20201120_316.vid,374
I:\VIDEO_DATA\2020_Data\PD\VIDEO\Greyscale\JP_Accord\FE\20201120\accord_jp_tp_pd_asphalt_markings_a95m_lowlight_cloudywithoutprecipitation_buildingclutter_2_rvs_pedestrian_1-5_na_na_1.62klux_20201120_317.vid,320
I:\VIDEO_DATA\2020_Data\PD\VIDEO\Greyscale\JP_Accord\FE\20201120\accord_jp_tp_pd_asphalt_markings_a95m_lowlight_cloudywithoutprecipitation_buildingclutter_2_rvs_pedestrian_1-5_na_na_1.62klux_20201120_318.vid,350
I:\VIDEO_DATA\2020_Data\PD\VIDEO\Greyscale\JP_Accord\FE\20201120\accord_jp_tp_pd_asphalt_markings_a95m_lowlight_cloudywithoutprecipitation_buildingclutter_2_rvs_pedestrian_1-5_na_na_1.62klux_20201120_319.vid,396
I:\VIDEO_DATA\2020_Data\PD\VIDEO\Greyscale\JP_Accord\FE\20201120\accord_jp_tp_pd_asphalt_markings_a95m_lowlight_cloudywithoutprecipitation_buildingclutter_2_rvs_pedestrian_1-5_na_na_1.62klux_20201120_320.vid,349
I:\VIDEO_DATA\2020_Data\PD\VIDEO\Greyscale\JP_Accord\FE\20201120\accord_jp_tp_pd_asphalt_markings_a95m_lowlight_cloudywithoutprecipitation_buildingclutter_2_rvs_pedestrian_1-5_na_na_1.62klux_20201120_321.vid,370
I:\VIDEO_DATA\2020_Data\PD\VIDEO\Greyscale\JP_Accord\FE\20201120\accord_jp_tp_pd_asphalt_markings_a95m_lowlight_cloudywithoutprecipitation_buildingclutter_2_rvs_pedestrian_1-5_na_na_1.62klux_20201120_322.vid,343
I:\VIDEO_DATA\2020_Data\PD\VIDEO\Greyscale\JP_Accord\FE\20201120\accord_jp_tp_pd_asphalt_markings_a95m_lowlight_cloudywithoutprecipitation_buildingclutter_2_rvs_pedestrian_1-5_na_na_1.62klux_20201120_323.vid,388
I:\VIDEO_DATA\2020_Data\PD\VIDEO\Greyscale\JP_Accord\FE\20201120\accord_jp_tp_pd_asphalt_markings_a95m_lowlight_cloudywithoutprecipitation_buildingclutter_2_rvs_pedestrian_1-5_na_na_1.62klux_20201120_324.vid,386
I:\VIDEO_DATA\2020_Data\PD\VIDEO\Greyscale\JP_Accord\FE\20201120\accord_jp_tp_pd_asphalt_markings_a95m_lowlight_cloudywithoutprecipitation_buildingclutter_2_rvs_pedestrian_1-5_na_na_10.8klux_20201120_217.vid,461
I:\VIDEO_DATA\2020_Data\PD\VIDEO\Greyscale\JP_Accord\FE\20201120\accord_jp_tp_pd_asphalt_markings_a95m_lowlight_cloudywithoutprecipitation_buildingclutter_2_rvs_pedestrian_1-5_na_na_10.8klux_20201120_218.vid,437
I:\VIDEO_DATA\2020_Data\PD\VIDEO\Greyscale\JP_Accord\FE\20201120\accord_jp_tp_pd_asphalt_markings_a95m_lowlight_cloudywithoutprecipitation_buildingclutter_2_rvs_pedestrian_1-5_na_na_10.8klux_20201120_219.vid,451
I:\VIDEO_DATA\2020_Data\PD\VIDEO\Greyscale\JP_Accord\FE\20201120\accord_jp_tp_pd_asphalt_markings_a95m_lowlight_cloudywithoutprecipitation_buildingclutter_2_rvs_pedestrian_1-5_na_na_10.8klux_20201120_220.vid,441
I:\VIDEO_DATA\2020_Data\PD\VIDEO\Greyscale\JP_Accord\FE\20201120\accord_jp_tp_pd_asphalt_markings_a95m_lowlight_cloudywithoutprecipitation_buildingclutter_2_rvs_pedestrian_1-5_na_na_10.8klux_20201120_221.vid,526
I:\VIDEO_DATA\2020_Data\PD\VIDEO\Greyscale\JP_Accord\FE\20201120\accord_jp_tp_pd_asphalt_markings_a95m_lowlight_cloudywithoutprecipitation_buildingclutter_2_rvs_pedestrian_1-5_na_na_10.8klux_20201120_222.vid,405
I:\VIDEO_DATA\2020_Data\PD\VIDEO\Greyscale\JP_Accord\FE\20201120\accord_jp_tp_pd_asphalt_markings_a95m_lowlight_cloudywithoutprecipitation_buildingclutter_2_rvs_pedestrian_1-5_na_na_10.8klux_20201120_223.vid,449
I:\VIDEO_DATA\2020_Data\PD\VIDEO\Greyscale\JP_Accord\FE\20201120\accord_jp_tp_pd_asphalt_markings_a95m_lowlight_cloudywithoutprecipitation_buildingclutter_2_rvs_pedestrian_1-5_na_na_10.8klux_20201120_224.vid,450
I:\VIDEO_DATA\2020_Data\PD\VIDEO\Greyscale\JP_Accord\FE\20201120\accord_jp_tp_pd_asphalt_markings_a95m_lowlight_cloudywithoutprecipitation_buildingclutter_2_rvs_pedestrian_1-5_na_na_10.8klux_20201120_225.vid,447
I:\VIDEO_DATA\2020_Data\PD\VIDEO\Greyscale\JP_Accord\FE\20201120\accord_jp_tp_pd_asphalt_markings_a95m_lowlight_cloudywithoutprecipitation_buildingclutter_2_rvs_pedestrian_1-5_na_na_10.8klux_20201120_226.vid,464
I:\VIDEO_DATA\2020_Data\PD\VIDEO\Greyscale\JP_Accord\FE\20201120\accord_jp_tp_pd_asphalt_markings_a95m_lowlight_cloudywithoutprecipitation_buildingclutter_2_rvs_pedestrian_1-5_na_na_10.8klux_20201120_227.vid,455
I:\VIDEO_DATA\2020_Data\PD\VIDEO\Greyscale\JP_Accord\FE\20201120\accord_jp_tp_pd_asphalt_markings_a95m_lowlight_cloudywithoutprecipitation_buildingclutter_2_rvs_pedestrian_1-5_na_na_10.8klux_20201120_228.vid,434
I:\VIDEO_DATA\2020_Data\PD\VIDEO\Greyscale\JP_Accord\FE\20201120\accord_jp_tp_pd_asphalt_markings_a95m_lowlight_cloudywithoutprecipitation_buildingclutter_2_rvs_pedestrian_1-5_na_na_13.5klux_20201120_037.vid,382
I:\VIDEO_DATA\2020_Data\PD\VIDEO\Greyscale\JP_Accord\FE\20201120\accord_jp_tp_pd_asphalt_markings_a95m_lowlight_cloudywithoutprecipitation_buildingclutter_2_rvs_pedestrian_1-5_na_na_13.5klux_20201120_038.vid,365
I:\VIDEO_DATA\2020_Data\PD\VIDEO\Greyscale\JP_Accord\FE\20201120\accord_jp_tp_pd_asphalt_markings_a95m_lowlight_cloudywithoutprecipitation_buildingclutter_2_rvs_pedestrian_1-5_na_na_13.5klux_20201120_039.vid,392
I:\VIDEO_DATA\2020_Data\PD\VIDEO\Greyscale\JP_Accord\FE\20201120\accord_jp_tp_pd_asphalt_markings_a95m_lowlight_cloudywithoutprecipitation_buildingclutter_2_rvs_pedestrian_1-5_na_na_13.5klux_20201120_040.vid,366
I:\VIDEO_DATA\2020_Data\PD\VIDEO\Greyscale\JP_Accord\FE\20201120\accord_jp_tp_pd_asphalt_markings_a95m_lowlight_cloudywithoutprecipitation_buildingclutter_2_rvs_pedestrian_1-5_na_na_13.5klux_20201120_041.vid,348
I:\VIDEO_DATA\2020_Data\PD\VIDEO\Greyscale\JP_Accord\FE\20201120\accord_jp_tp_pd_asphalt_markings_a95m_lowlight_cloudywithoutprecipitation_buildingclutter_2_rvs_pedestrian_1-5_na_na_13.5klux_20201120_042.vid,324
I:\VIDEO_DATA\2020_Data\PD\VIDEO\Greyscale\JP_Accord\FE\20201120\accord_jp_tp_pd_asphalt_markings_a95m_lowlight_cloudywithoutprecipitation_buildingclutter_2_rvs_pedestrian_1-5_na_na_13.5klux_20201120_043.vid,337
I:\VIDEO_DATA\2020_Data\PD\VIDEO\Greyscale\JP_Accord\FE\20201120\accord_jp_tp_pd_asphalt_markings_a95m_lowlight_cloudywithoutprecipitation_buildingclutter_2_rvs_pedestrian_1-5_na_na_13.5klux_20201120_044.vid,342
I:\VIDEO_DATA\2020_Data\PD\VIDEO\Greyscale\JP_Accord\FE\20201120\accord_jp_tp_pd_asphalt_markings_a95m_lowlight_cloudywithoutprecipitation_buildingclutter_2_rvs_pedestrian_1-5_na_na_13.5klux_20201120_045.vid,312
I:\VIDEO_DATA\2020_Data\PD\VIDEO\Greyscale\JP_Accord\FE\20201120\accord_jp_tp_pd_asphalt_markings_a95m_lowlight_cloudywithoutprecipitation_buildingclutter_2_rvs_pedestrian_1-5_na_na_13.5klux_20201120_046.vid,362
I:\VIDEO_DATA\2020_Data\PD\VIDEO\Greyscale\JP_Accord\FE\20201120\accord_jp_tp_pd_asphalt_markings_a95m_lowlight_cloudywithoutprecipitation_buildingclutter_2_rvs_pedestrian_1-5_na_na_13.5klux_20201120_047.vid,393
I:\VIDEO_DATA\2020_Data\PD\VIDEO\Greyscale\JP_Accord\FE\20201120\accord_jp_tp_pd_asphalt_markings_a95m_lowlight_cloudywithoutprecipitation_buildingclutter_2_rvs_pedestrian_1-5_na_na_13.5klux_20201120_048.vid,364
I:\VIDEO_DATA\2020_Data\PD\VIDEO\Greyscale\JP_Accord\FE\20201120\accord_jp_tp_pd_asphalt_markings_a95m_lowlight_cloudywithoutprecipitation_buildingclutter_2_rvs_pedestrian_1-5_na_na_13.9klux_20201120_205.vid,365
I:\VIDEO_DATA\2020_Data\PD\VIDEO\Greyscale\JP_Accord\FE\20201120\accord_jp_tp_pd_asphalt_markings_a95m_lowlight_cloudywithoutprecipitation_buildingclutter_2_rvs_pedestrian_1-5_na_na_13.9klux_20201120_206.vid,354
I:\VIDEO_DATA\2020_Data\PD\VIDEO\Greyscale\JP_Accord\FE\20201120\accord_jp_tp_pd_asphalt_markings_a95m_lowlight_cloudywithoutprecipitation_buildingclutter_2_rvs_pedestrian_1-5_na_na_13.9klux_20201120_207.vid,372
I:\VIDEO_DATA\2020_Data\PD\VIDEO\Greyscale\JP_Accord\FE\20201120\accord_jp_tp_pd_asphalt_markings_a95m_lowlight_cloudywithoutprecipitation_buildingclutter_2_rvs_pedestrian_1-5_na_na_13.9klux_20201120_208.vid,357
I:\VIDEO_DATA\2020_Data\PD\VIDEO\Greyscale\JP_Accord\FE\20201120\accord_jp_tp_pd_asphalt_markings_a95m_lowlight_cloudywithoutprecipitation_buildingclutter_2_rvs_pedestrian_1-5_na_na_13.9klux_20201120_209.vid,375
I:\VIDEO_DATA\2020_Data\PD\VIDEO\Greyscale\JP_Accord\FE\20201120\accord_jp_tp_pd_asphalt_markings_a95m_lowlight_cloudywithoutprecipitation_buildingclutter_2_rvs_pedestrian_1-5_na_na_13.9klux_20201120_210.vid,338
I:\VIDEO_DATA\2020_Data\PD\VIDEO\Greyscale\JP_Accord\FE\20201120\accord_jp_tp_pd_asphalt_markings_a95m_lowlight_cloudywithoutprecipitation_buildingclutter_2_rvs_pedestrian_1-5_na_na_13.9klux_20201120_211.vid,387
I:\VIDEO_DATA\2020_Data\PD\VIDEO\Greyscale\JP_Accord\FE\20201120\accord_jp_tp_pd_asphalt_markings_a95m_lowlight_cloudywithoutprecipitation_buildingclutter_2_rvs_pedestrian_1-5_na_na_13.9klux_20201120_212.vid,349
I:\VIDEO_DATA\2020_Data\PD\VIDEO\Greyscale\JP_Accord\FE\20201120\accord_jp_tp_pd_asphalt_markings_a95m_lowlight_cloudywithoutprecipitation_buildingclutter_2_rvs_pedestrian_1-5_na_na_13.9klux_20201120_213.vid,339
I:\VIDEO_DATA\2020_Data\PD\VIDEO\Greyscale\JP_Accord\FE\20201120\accord_jp_tp_pd_asphalt_markings_a95m_lowlight_cloudywithoutprecipitation_buildingclutter_2_rvs_pedestrian_1-5_na_na_13.9klux_20201120_214.vid,335
I:\VIDEO_DATA\2020_Data\PD\VIDEO\Greyscale\JP_Accord\FE\20201120\accord_jp_tp_pd_asphalt_markings_a95m_lowlight_cloudywithoutprecipitation_buildingclutter_2_rvs_pedestrian_1-5_na_na_13.9klux_20201120_215.vid,370
I:\VIDEO_DATA\2020_Data\PD\VIDEO\Greyscale\JP_Accord\FE\20201120\accord_jp_tp_pd_asphalt_markings_a95m_lowlight_cloudywithoutprecipitation_buildingclutter_2_rvs_pedestrian_1-5_na_na_13.9klux_20201120_216.vid,384
I:\VIDEO_DATA\2020_Data\PD\VIDEO\Greyscale\JP_Accord\FE\20201120\accord_jp_tp_pd_asphalt_markings_a95m_lowlight_cloudywithoutprecipitation_buildingclutter_2_rvs_pedestrian_1-5_na_na_13klux_20201120_109.vid,316
I:\VIDEO_DATA\2020_Data\PD\VIDEO\Greyscale\JP_Accord\FE\20201120\accord_jp_tp_pd_asphalt_markings_a95m_lowlight_cloudywithoutprecipitation_buildingclutter_2_rvs_pedestrian_1-5_na_na_13klux_20201120_110.vid,308
I:\VIDEO_DATA\2020_Data\PD\VIDEO\Greyscale\JP_Accord\FE\20201120\accord_jp_tp_pd_asphalt_markings_a95m_lowlight_cloudywithoutprecipitation_buildingclutter_2_rvs_pedestrian_1-5_na_na_13klux_20201120_111.vid,297
I:\VIDEO_DATA\2020_Data\PD\VIDEO\Greyscale\JP_Accord\FE\20201120\accord_jp_tp_pd_asphalt_markings_a95m_lowlight_cloudywithoutprecipitation_buildingclutter_2_rvs_pedestrian_1-5_na_na_13klux_20201120_112.vid,289
I:\VIDEO_DATA\2020_Data\PD\VIDEO\Greyscale\JP_Accord\FE\20201120\accord_jp_tp_pd_asphalt_markings_a95m_lowlight_cloudywithoutprecipitation_buildingclutter_2_rvs_pedestrian_1-5_na_na_13klux_20201120_113.vid,295
I:\VIDEO_DATA\2020_Data\PD\VIDEO\Greyscale\JP_Accord\FE\20201120\accord_jp_tp_pd_asphalt_markings_a95m_lowlight_cloudywithoutprecipitation_buildingclutter_2_rvs_pedestrian_1-5_na_na_13klux_20201120_114.vid,292
I:\VIDEO_DATA\2020_Data\PD\VIDEO\Greyscale\JP_Accord\FE\20201120\accord_jp_tp_pd_asphalt_markings_a95m_lowlight_cloudywithoutprecipitation_buildingclutter_2_rvs_pedestrian_1-5_na_na_13klux_20201120_115.vid,343
I:\VIDEO_DATA\2020_Data\PD\VIDEO\Greyscale\JP_Accord\FE\20201120\accord_jp_tp_pd_asphalt_markings_a95m_lowlight_cloudywithoutprecipitation_buildingclutter_2_rvs_pedestrian_1-5_na_na_13klux_20201120_116.vid,337
I:\VIDEO_DATA\2020_Data\PD\VIDEO\Greyscale\JP_Accord\FE\20201120\accord_jp_tp_pd_asphalt_markings_a95m_lowlight_cloudywithoutprecipitation_buildingclutter_2_rvs_pedestrian_1-5_na_na_13klux_20201120_117.vid,341
I:\VIDEO_DATA\2020_Data\PD\VIDEO\Greyscale\JP_Accord\FE\20201120\accord_jp_tp_pd_asphalt_markings_a95m_lowlight_cloudywithoutprecipitation_buildingclutter_2_rvs_pedestrian_1-5_na_na_13klux_20201120_118.vid,341
I:\VIDEO_DATA\2020_Data\PD\VIDEO\Greyscale\JP_Accord\FE\20201120\accord_jp_tp_pd_asphalt_markings_a95m_lowlight_cloudywithoutprecipitation_buildingclutter_2_rvs_pedestrian_1-5_na_na_13klux_20201120_119.vid,337
I:\VIDEO_DATA\2020_Data\PD\VIDEO\Greyscale\JP_Accord\FE\20201120\accord_jp_tp_pd_asphalt_markings_a95m_lowlight_cloudywithoutprecipitation_buildingclutter_2_rvs_pedestrian_1-5_na_na_13klux_20201120_120.vid,330
I:\VIDEO_DATA\2020_Data\PD\VIDEO\Greyscale\JP_Accord\FE\20201120\accord_jp_tp_pd_asphalt_markings_a95m_lowlight_cloudywithoutprecipitation_buildingclutter_2_rvs_pedestrian_1-5_na_na_14.51klux_20201120_121.vid,420
I:\VIDEO_DATA\2020_Data\PD\VIDEO\Greyscale\JP_Accord\FE\20201120\accord_jp_tp_pd_asphalt_markings_a95m_lowlight_cloudywithoutprecipitation_buildingclutter_2_rvs_pedestrian_1-5_na_na_14.51klux_20201120_122.vid,423
I:\VIDEO_DATA\2020_Data\PD\VIDEO\Greyscale\JP_Accord\FE\20201120\accord_jp_tp_pd_asphalt_markings_a95m_lowlight_cloudywithoutprecipitation_buildingclutter_2_rvs_pedestrian_1-5_na_na_14.51klux_20201120_123.vid,387
I:\VIDEO_DATA\2020_Data\PD\VIDEO\Greyscale\JP_Accord\FE\20201120\accord_jp_tp_pd_asphalt_markings_a95m_lowlight_cloudywithoutprecipitation_buildingclutter_2_rvs_pedestrian_1-5_na_na_14.51klux_20201120_124.vid,379
I:\VIDEO_DATA\2020_Data\PD\VIDEO\Greyscale\JP_Accord\FE\20201120\accord_jp_tp_pd_asphalt_markings_a95m_lowlight_cloudywithoutprecipitation_buildingclutter_2_rvs_pedestrian_1-5_na_na_14.51klux_20201120_125.vid,380
I:\VIDEO_DATA\2020_Data\PD\VIDEO\Greyscale\JP_Accord\FE\20201120\accord_jp_tp_pd_asphalt_markings_a95m_lowlight_cloudywithoutprecipitation_buildingclutter_2_rvs_pedestrian_1-5_na_na_14.51klux_20201120_126.vid,356
I:\VIDEO_DATA\2020_Data\PD\VIDEO\Greyscale\JP_Accord\FE\20201120\accord_jp_tp_pd_asphalt_markings_a95m_lowlight_cloudywithoutprecipitation_buildingclutter_2_rvs_pedestrian_1-5_na_na_14.51klux_20201120_127.vid,402
I:\VIDEO_DATA\2020_Data\PD\VIDEO\Greyscale\JP_Accord\FE\20201120\accord_jp_tp_pd_asphalt_markings_a95m_lowlight_cloudywithoutprecipitation_buildingclutter_2_rvs_pedestrian_1-5_na_na_14.51klux_20201120_128.vid,390
I:\VIDEO_DATA\2020_Data\PD\VIDEO\Greyscale\JP_Accord\FE\20201120\accord_jp_tp_pd_asphalt_markings_a95m_lowlight_cloudywithoutprecipitation_buildingclutter_2_rvs_pedestrian_1-5_na_na_14.51klux_20201120_129.vid,434
I:\VIDEO_DATA\2020_Data\PD\VIDEO\Greyscale\JP_Accord\FE\20201120\accord_jp_tp_pd_asphalt_markings_a95m_lowlight_cloudywithoutprecipitation_buildingclutter_2_rvs_pedestrian_1-5_na_na_14.51klux_20201120_130.vid,381
I:\VIDEO_DATA\2020_Data\PD\VIDEO\Greyscale\JP_Accord\FE\20201120\accord_jp_tp_pd_asphalt_markings_a95m_lowlight_cloudywithoutprecipitation_buildingclutter_2_rvs_pedestrian_1-5_na_na_14.51klux_20201120_131.vid,455
I:\VIDEO_DATA\2020_Data\PD\VIDEO\Greyscale\JP_Accord\FE\20201120\accord_jp_tp_pd_asphalt_markings_a95m_lowlight_cloudywithoutprecipitation_buildingclutter_2_rvs_pedestrian_1-5_na_na_14.51klux_20201120_132.vid,531
I:\VIDEO_DATA\2020_Data\PD\VIDEO\Greyscale\JP_Accord\FE\20201120\accord_jp_tp_pd_asphalt_markings_a95m_lowlight_cloudywithoutprecipitation_buildingclutter_2_rvs_pedestrian_1-5_na_na_2klux_20201120_289.vid,452
I:\VIDEO_DATA\2020_Data\PD\VIDEO\Greyscale\JP_Accord\FE\20201120\accord_jp_tp_pd_asphalt_markings_a95m_lowlight_cloudywithoutprecipitation_buildingclutter_2_rvs_pedestrian_1-5_na_na_2klux_20201120_290.vid,431
I:\VIDEO_DATA\2020_Data\PD\VIDEO\Greyscale\JP_Accord\FE\20201120\accord_jp_tp_pd_asphalt_markings_a95m_lowlight_cloudywithoutprecipitation_buildingclutter_2_rvs_pedestrian_1-5_na_na_2klux_20201120_291.vid,426
I:\VIDEO_DATA\2020_Data\PD\VIDEO\Greyscale\JP_Accord\FE\20201120\accord_jp_tp_pd_asphalt_markings_a95m_lowlight_cloudywithoutprecipitation_buildingclutter_2_rvs_pedestrian_1-5_na_na_2klux_20201120_292.vid,433
I:\VIDEO_DATA\2020_Data\PD\VIDEO\Greyscale\JP_Accord\FE\20201120\accord_jp_tp_pd_asphalt_markings_a95m_lowlight_cloudywithoutprecipitation_buildingclutter_2_rvs_pedestrian_1-5_na_na_2klux_20201120_293.vid,399
I:\VIDEO_DATA\2020_Data\PD\VIDEO\Greyscale\JP_Accord\FE\20201120\accord_jp_tp_pd_asphalt_markings_a95m_lowlight_cloudywithoutprecipitation_buildingclutter_2_rvs_pedestrian_1-5_na_na_2klux_20201120_294.vid,405
I:\VIDEO_DATA\2020_Data\PD\VIDEO\Greyscale\JP_Accord\FE\20201120\accord_jp_tp_pd_asphalt_markings_a95m_lowlight_cloudywithoutprecipitation_buildingclutter_2_rvs_pedestrian_1-5_na_na_2klux_20201120_295.vid,401
I:\VIDEO_DATA\2020_Data\PD\VIDEO\Greyscale\JP_Accord\FE\20201120\accord_jp_tp_pd_asphalt_markings_a95m_lowlight_cloudywithoutprecipitation_buildingclutter_2_rvs_pedestrian_1-5_na_na_2klux_20201120_296.vid,422
I:\VIDEO_DATA\2020_Data\PD\VIDEO\Greyscale\JP_Accord\FE\20201120\accord_jp_tp_pd_asphalt_markings_a95m_lowlight_cloudywithoutprecipitation_buildingclutter_2_rvs_pedestrian_1-5_na_na_2klux_20201120_297.vid,439
I:\VIDEO_DATA\2020_Data\PD\VIDEO\Greyscale\JP_Accord\FE\20201120\accord_jp_tp_pd_asphalt_markings_a95m_lowlight_cloudywithoutprecipitation_buildingclutter_2_rvs_pedestrian_1-5_na_na_2klux_20201120_298.vid,450
I:\VIDEO_DATA\2020_Data\PD\VIDEO\Greyscale\JP_Accord\FE\20201120\accord_jp_tp_pd_asphalt_markings_a95m_lowlight_cloudywithoutprecipitation_buildingclutter_2_rvs_pedestrian_1-5_na_na_2klux_20201120_299.vid,461
I:\VIDEO_DATA\2020_Data\PD\VIDEO\Greyscale\JP_Accord\FE\20201120\accord_jp_tp_pd_asphalt_markings_a95m_lowlight_cloudywithoutprecipitation_buildingclutter_2_rvs_pedestrian_1-5_na_na_2klux_20201120_300.vid,452
I:\VIDEO_DATA\2020_Data\PD\VIDEO\Greyscale\JP_Accord\FE\20201120\accord_jp_tp_pd_asphalt_markings_a95m_lowlight_cloudywithoutprecipitation_buildingclutter_2_rvs_pedestrian_1-5_na_na_3.17klux_20201120_301.vid,407
I:\VIDEO_DATA\2020_Data\PD\VIDEO\Greyscale\JP_Accord\FE\20201120\accord_jp_tp_pd_asphalt_markings_a95m_lowlight_cloudywithoutprecipitation_buildingclutter_2_rvs_pedestrian_1-5_na_na_3.17klux_20201120_302.vid,406
I:\VIDEO_DATA\2020_Data\PD\VIDEO\Greyscale\JP_Accord\FE\20201120\accord_jp_tp_pd_asphalt_markings_a95m_lowlight_cloudywithoutprecipitation_buildingclutter_2_rvs_pedestrian_1-5_na_na_3.17klux_20201120_303.vid,412
I:\VIDEO_DATA\2020_Data\PD\VIDEO\Greyscale\JP_Accord\FE\20201120\accord_jp_tp_pd_asphalt_markings_a95m_lowlight_cloudywithoutprecipitation_buildingclutter_2_rvs_pedestrian_1-5_na_na_3.17klux_20201120_304.vid,405
I:\VIDEO_DATA\2020_Data\PD\VIDEO\Greyscale\JP_Accord\FE\20201120\accord_jp_tp_pd_asphalt_markings_a95m_lowlight_cloudywithoutprecipitation_buildingclutter_2_rvs_pedestrian_1-5_na_na_3.17klux_20201120_305.vid,421
I:\VIDEO_DATA\2020_Data\PD\VIDEO\Greyscale\JP_Accord\FE\20201120\accord_jp_tp_pd_asphalt_markings_a95m_lowlight_cloudywithoutprecipitation_buildingclutter_2_rvs_pedestrian_1-5_na_na_3.17klux_20201120_306.vid,417
I:\VIDEO_DATA\2020_Data\PD\VIDEO\Greyscale\JP_Accord\FE\20201120\accord_jp_tp_pd_asphalt_markings_a95m_lowlight_cloudywithoutprecipitation_buildingclutter_2_rvs_pedestrian_1-5_na_na_3.17klux_20201120_307.vid,404
I:\VIDEO_DATA\2020_Data\PD\VIDEO\Greyscale\JP_Accord\FE\20201120\accord_jp_tp_pd_asphalt_markings_a95m_lowlight_cloudywithoutprecipitation_buildingclutter_2_rvs_pedestrian_1-5_na_na_3.17klux_20201120_308.vid,409
I:\VIDEO_DATA\2020_Data\PD\VIDEO\Greyscale\JP_Accord\FE\20201120\accord_jp_tp_pd_asphalt_markings_a95m_lowlight_cloudywithoutprecipitation_buildingclutter_2_rvs_pedestrian_1-5_na_na_3.17klux_20201120_309.vid,412
I:\VIDEO_DATA\2020_Data\PD\VIDEO\Greyscale\JP_Accord\FE\20201120\accord_jp_tp_pd_asphalt_markings_a95m_lowlight_cloudywithoutprecipitation_buildingclutter_2_rvs_pedestrian_1-5_na_na_3.17klux_20201120_310.vid,415
I:\VIDEO_DATA\2020_Data\PD\VIDEO\Greyscale\JP_Accord\FE\20201120\accord_jp_tp_pd_asphalt_markings_a95m_lowlight_cloudywithoutprecipitation_buildingclutter_2_rvs_pedestrian_1-5_na_na_3.17klux_20201120_311.vid,385
I:\VIDEO_DATA\2020_Data\PD\VIDEO\Greyscale\JP_Accord\FE\20201120\accord_jp_tp_pd_asphalt_markings_a95m_lowlight_cloudywithoutprecipitation_buildingclutter_2_rvs_pedestrian_1-5_na_na_3.17klux_20201120_312.vid,421
I:\VIDEO_DATA\2020_Data\PD\VIDEO\Greyscale\JP_Accord\FE\20201120\accord_jp_tp_pd_asphalt_markings_a95m_lowlight_cloudywithoutprecipitation_buildingclutter_2_rvs_pedestrian_1-5_na_na_5.67klux_20201120_229.vid,408
I:\VIDEO_DATA\2020_Data\PD\VIDEO\Greyscale\JP_Accord\FE\20201120\accord_jp_tp_pd_asphalt_markings_a95m_lowlight_cloudywithoutprecipitation_buildingclutter_2_rvs_pedestrian_1-5_na_na_5.67klux_20201120_230.vid,417
I:\VIDEO_DATA\2020_Data\PD\VIDEO\Greyscale\JP_Accord\FE\20201120\accord_jp_tp_pd_asphalt_markings_a95m_lowlight_cloudywithoutprecipitation_buildingclutter_2_rvs_pedestrian_1-5_na_na_5.67klux_20201120_231.vid,370
I:\VIDEO_DATA\2020_Data\PD\VIDEO\Greyscale\JP_Accord\FE\20201120\accord_jp_tp_pd_asphalt_markings_a95m_lowlight_cloudywithoutprecipitation_buildingclutter_2_rvs_pedestrian_1-5_na_na_5.67klux_20201120_232.vid,394
I:\VIDEO_DATA\2020_Data\PD\VIDEO\Greyscale\JP_Accord\FE\20201120\accord_jp_tp_pd_asphalt_markings_a95m_lowlight_cloudywithoutprecipitation_buildingclutter_2_rvs_pedestrian_1-5_na_na_5.67klux_20201120_233.vid,493
I:\VIDEO_DATA\2020_Data\PD\VIDEO\Greyscale\JP_Accord\FE\20201120\accord_jp_tp_pd_asphalt_markings_a95m_lowlight_cloudywithoutprecipitation_buildingclutter_2_rvs_pedestrian_1-5_na_na_5.67klux_20201120_234.vid,399
I:\VIDEO_DATA\2020_Data\PD\VIDEO\Greyscale\JP_Accord\FE\20201120\accord_jp_tp_pd_asphalt_markings_a95m_lowlight_cloudywithoutprecipitation_buildingclutter_2_rvs_pedestrian_1-5_na_na_5.67klux_20201120_235.vid,412
I:\VIDEO_DATA\2020_Data\PD\VIDEO\Greyscale\JP_Accord\FE\20201120\accord_jp_tp_pd_asphalt_markings_a95m_lowlight_cloudywithoutprecipitation_buildingclutter_2_rvs_pedestrian_1-5_na_na_5.67klux_20201120_236.vid,413
I:\VIDEO_DATA\2020_Data\PD\VIDEO\Greyscale\JP_Accord\FE\20201120\accord_jp_tp_pd_asphalt_markings_a95m_lowlight_cloudywithoutprecipitation_buildingclutter_2_rvs_pedestrian_1-5_na_na_5.67klux_20201120_237.vid,401
I:\VIDEO_DATA\2020_Data\PD\VIDEO\Greyscale\JP_Accord\FE\20201120\accord_jp_tp_pd_asphalt_markings_a95m_lowlight_cloudywithoutprecipitation_buildingclutter_2_rvs_pedestrian_1-5_na_na_5.67klux_20201120_238.vid,477
I:\VIDEO_DATA\2020_Data\PD\VIDEO\Greyscale\JP_Accord\FE\20201120\accord_jp_tp_pd_asphalt_markings_a95m_lowlight_cloudywithoutprecipitation_buildingclutter_2_rvs_pedestrian_1-5_na_na_5.67klux_20201120_239.vid,415
I:\VIDEO_DATA\2020_Data\PD\VIDEO\Greyscale\JP_Accord\FE\20201120\accord_jp_tp_pd_asphalt_markings_a95m_lowlight_cloudywithoutprecipitation_buildingclutter_2_rvs_pedestrian_1-5_na_na_5.67klux_20201120_240.vid,408
I:\VIDEO_DATA\2020_Data\PD\VIDEO\Greyscale\JP_Accord\FE\20201120\accord_jp_tp_pd_asphalt_markings_a95m_lowlight_cloudywithoutprecipitation_buildingclutter_2_rvs_pedestrian_1-5_na_na_7.5klux_20201120_001.vid,656
I:\VIDEO_DATA\2020_Data\PD\VIDEO\Greyscale\JP_Accord\FE\20201120\accord_jp_tp_pd_asphalt_markings_a95m_lowlight_cloudywithoutprecipitation_buildingclutter_2_rvs_pedestrian_1-5_na_na_7.5klux_20201120_010.vid,347
I:\VIDEO_DATA\2020_Data\PD\VIDEO\Greyscale\JP_Accord\FE\20201120\accord_jp_tp_pd_asphalt_markings_a95m_lowlight_cloudywithoutprecipitation_buildingclutter_2_rvs_pedestrian_1-5_na_na_7.5klux_20201120_011.vid,332
I:\VIDEO_DATA\2020_Data\PD\VIDEO\Greyscale\JP_Accord\FE\20201120\accord_jp_tp_pd_asphalt_markings_a95m_lowlight_cloudywithoutprecipitation_buildingclutter_2_rvs_pedestrian_1-5_na_na_7.5klux_20201120_012.vid,381
I:\VIDEO_DATA\2020_Data\PD\VIDEO\Greyscale\JP_Accord\FE\20201120\accord_jp_tp_pd_asphalt_markings_a95m_lowlight_cloudywithoutprecipitation_buildingclutter_2_rvs_pedestrian_6-10_na_na_0.061klux_20201120_373.vid,273
I:\VIDEO_DATA\2020_Data\PD\VIDEO\Greyscale\JP_Accord\FE\20201120\accord_jp_tp_pd_asphalt_markings_a95m_lowlight_cloudywithoutprecipitation_buildingclutter_2_rvs_pedestrian_6-10_na_na_0.061klux_20201120_374.vid,256
I:\VIDEO_DATA\2020_Data\PD\VIDEO\Greyscale\JP_Accord\FE\20201120\accord_jp_tp_pd_asphalt_markings_a95m_lowlight_cloudywithoutprecipitation_buildingclutter_2_rvs_pedestrian_6-10_na_na_0.061klux_20201120_375.vid,260
I:\VIDEO_DATA\2020_Data\PD\VIDEO\Greyscale\JP_Accord\FE\20201120\accord_jp_tp_pd_asphalt_markings_a95m_lowlight_cloudywithoutprecipitation_buildingclutter_2_rvs_pedestrian_6-10_na_na_0.061klux_20201120_376.vid,238
I:\VIDEO_DATA\2020_Data\PD\VIDEO\Greyscale\JP_Accord\FE\20201120\accord_jp_tp_pd_asphalt_markings_a95m_lowlight_cloudywithoutprecipitation_buildingclutter_2_rvs_pedestrian_6-10_na_na_0.061klux_20201120_377.vid,233
I:\VIDEO_DATA\2020_Data\PD\VIDEO\Greyscale\JP_Accord\FE\20201120\accord_jp_tp_pd_asphalt_markings_a95m_lowlight_cloudywithoutprecipitation_buildingclutter_2_rvs_pedestrian_6-10_na_na_0.061klux_20201120_378.vid,232
I:\VIDEO_DATA\2020_Data\PD\VIDEO\Greyscale\JP_Accord\FE\20201120\accord_jp_tp_pd_asphalt_markings_a95m_lowlight_cloudywithoutprecipitation_buildingclutter_2_rvs_pedestrian_6-10_na_na_0.061klux_20201120_379.vid,247
I:\VIDEO_DATA\2020_Data\PD\VIDEO\Greyscale\JP_Accord\FE\20201120\accord_jp_tp_pd_asphalt_markings_a95m_lowlight_cloudywithoutprecipitation_buildingclutter_2_rvs_pedestrian_6-10_na_na_0.061klux_20201120_380.vid,233
I:\VIDEO_DATA\2020_Data\PD\VIDEO\Greyscale\JP_Accord\FE\20201120\accord_jp_tp_pd_asphalt_markings_a95m_lowlight_cloudywithoutprecipitation_buildingclutter_2_rvs_pedestrian_6-10_na_na_0.061klux_20201120_381.vid,249
I:\VIDEO_DATA\2020_Data\PD\VIDEO\Greyscale\JP_Accord\FE\20201120\accord_jp_tp_pd_asphalt_markings_a95m_lowlight_cloudywithoutprecipitation_buildingclutter_2_rvs_pedestrian_6-10_na_na_0.061klux_20201120_382.vid,237
I:\VIDEO_DATA\2020_Data\PD\VIDEO\Greyscale\JP_Accord\FE\20201120\accord_jp_tp_pd_asphalt_markings_a95m_lowlight_cloudywithoutprecipitation_buildingclutter_2_rvs_pedestrian_6-10_na_na_0.061klux_20201120_383.vid,245
I:\VIDEO_DATA\2020_Data\PD\VIDEO\Greyscale\JP_Accord\FE\20201120\accord_jp_tp_pd_asphalt_markings_a95m_lowlight_cloudywithoutprecipitation_buildingclutter_2_rvs_pedestrian_6-10_na_na_0.061klux_20201120_384.vid,237
I:\VIDEO_DATA\2020_Data\PD\VIDEO\Greyscale\JP_Accord\FE\20201120\accord_jp_tp_pd_asphalt_markings_a95m_lowlight_cloudywithoutprecipitation_buildingclutter_2_rvs_pedestrian_6-10_na_na_0.075klux_20201120_361.vid,230
I:\VIDEO_DATA\2020_Data\PD\VIDEO\Greyscale\JP_Accord\FE\20201120\accord_jp_tp_pd_asphalt_markings_a95m_lowlight_cloudywithoutprecipitation_buildingclutter_2_rvs_pedestrian_6-10_na_na_0.075klux_20201120_362.vid,228
I:\VIDEO_DATA\2020_Data\PD\VIDEO\Greyscale\JP_Accord\FE\20201120\accord_jp_tp_pd_asphalt_markings_a95m_lowlight_cloudywithoutprecipitation_buildingclutter_2_rvs_pedestrian_6-10_na_na_0.075klux_20201120_363.vid,275
I:\VIDEO_DATA\2020_Data\PD\VIDEO\Greyscale\JP_Accord\FE\20201120\accord_jp_tp_pd_asphalt_markings_a95m_lowlight_cloudywithoutprecipitation_buildingclutter_2_rvs_pedestrian_6-10_na_na_0.075klux_20201120_364.vid,218
I:\VIDEO_DATA\2020_Data\PD\VIDEO\Greyscale\JP_Accord\FE\20201120\accord_jp_tp_pd_asphalt_markings_a95m_lowlight_cloudywithoutprecipitation_buildingclutter_2_rvs_pedestrian_6-10_na_na_0.075klux_20201120_365.vid,240
I:\VIDEO_DATA\2020_Data\PD\VIDEO\Greyscale\JP_Accord\FE\20201120\accord_jp_tp_pd_asphalt_markings_a95m_lowlight_cloudywithoutprecipitation_buildingclutter_2_rvs_pedestrian_6-10_na_na_0.075klux_20201120_366.vid,246
I:\VIDEO_DATA\2020_Data\PD\VIDEO\Greyscale\JP_Accord\FE\20201120\accord_jp_tp_pd_asphalt_markings_a95m_lowlight_cloudywithoutprecipitation_buildingclutter_2_rvs_pedestrian_6-10_na_na_0.075klux_20201120_367.vid,260
I:\VIDEO_DATA\2020_Data\PD\VIDEO\Greyscale\JP_Accord\FE\20201120\accord_jp_tp_pd_asphalt_markings_a95m_lowlight_cloudywithoutprecipitation_buildingclutter_2_rvs_pedestrian_6-10_na_na_0.075klux_20201120_368.vid,252
I:\VIDEO_DATA\2020_Data\PD\VIDEO\Greyscale\JP_Accord\FE\20201120\accord_jp_tp_pd_asphalt_markings_a95m_lowlight_cloudywithoutprecipitation_buildingclutter_2_rvs_pedestrian_6-10_na_na_0.075klux_20201120_369.vid,254
I:\VIDEO_DATA\2020_Data\PD\VIDEO\Greyscale\JP_Accord\FE\20201120\accord_jp_tp_pd_asphalt_markings_a95m_lowlight_cloudywithoutprecipitation_buildingclutter_2_rvs_pedestrian_6-10_na_na_0.075klux_20201120_370.vid,268
I:\VIDEO_DATA\2020_Data\PD\VIDEO\Greyscale\JP_Accord\FE\20201120\accord_jp_tp_pd_asphalt_markings_a95m_lowlight_cloudywithoutprecipitation_buildingclutter_2_rvs_pedestrian_6-10_na_na_0.075klux_20201120_371.vid,237
I:\VIDEO_DATA\2020_Data\PD\VIDEO\Greyscale\JP_Accord\FE\20201120\accord_jp_tp_pd_asphalt_markings_a95m_lowlight_cloudywithoutprecipitation_buildingclutter_2_rvs_pedestrian_6-10_na_na_0.075klux_20201120_372.vid,215
I:\VIDEO_DATA\2020_Data\PD\VIDEO\Greyscale\JP_Accord\FE\20201120\accord_jp_tp_pd_asphalt_markings_a95m_lowlight_cloudywithoutprecipitation_buildingclutter_2_rvs_pedestrian_6-10_na_na_0.104klux_20201120_349.vid,281
I:\VIDEO_DATA\2020_Data\PD\VIDEO\Greyscale\JP_Accord\FE\20201120\accord_jp_tp_pd_asphalt_markings_a95m_lowlight_cloudywithoutprecipitation_buildingclutter_2_rvs_pedestrian_6-10_na_na_0.104klux_20201120_350.vid,228
I:\VIDEO_DATA\2020_Data\PD\VIDEO\Greyscale\JP_Accord\FE\20201120\accord_jp_tp_pd_asphalt_markings_a95m_lowlight_cloudywithoutprecipitation_buildingclutter_2_rvs_pedestrian_6-10_na_na_0.104klux_20201120_351.vid,242
I:\VIDEO_DATA\2020_Data\PD\VIDEO\Greyscale\JP_Accord\FE\20201120\accord_jp_tp_pd_asphalt_markings_a95m_lowlight_cloudywithoutprecipitation_buildingclutter_2_rvs_pedestrian_6-10_na_na_0.104klux_20201120_352.vid,220
I:\VIDEO_DATA\2020_Data\PD\VIDEO\Greyscale\JP_Accord\FE\20201120\accord_jp_tp_pd_asphalt_markings_a95m_lowlight_cloudywithoutprecipitation_buildingclutter_2_rvs_pedestrian_6-10_na_na_0.104klux_20201120_353.vid,218
I:\VIDEO_DATA\2020_Data\PD\VIDEO\Greyscale\JP_Accord\FE\20201120\accord_jp_tp_pd_asphalt_markings_a95m_lowlight_cloudywithoutprecipitation_buildingclutter_2_rvs_pedestrian_6-10_na_na_0.104klux_20201120_354.vid,209
I:\VIDEO_DATA\2020_Data\PD\VIDEO\Greyscale\JP_Accord\FE\20201120\accord_jp_tp_pd_asphalt_markings_a95m_lowlight_cloudywithoutprecipitation_buildingclutter_2_rvs_pedestrian_6-10_na_na_0.104klux_20201120_355.vid,196
I:\VIDEO_DATA\2020_Data\PD\VIDEO\Greyscale\JP_Accord\FE\20201120\accord_jp_tp_pd_asphalt_markings_a95m_lowlight_cloudywithoutprecipitation_buildingclutter_2_rvs_pedestrian_6-10_na_na_0.104klux_20201120_356.vid,211
I:\VIDEO_DATA\2020_Data\PD\VIDEO\Greyscale\JP_Accord\FE\20201120\accord_jp_tp_pd_asphalt_markings_a95m_lowlight_cloudywithoutprecipitation_buildingclutter_2_rvs_pedestrian_6-10_na_na_0.104klux_20201120_357.vid,233
I:\VIDEO_DATA\2020_Data\PD\VIDEO\Greyscale\JP_Accord\FE\20201120\accord_jp_tp_pd_asphalt_markings_a95m_lowlight_cloudywithoutprecipitation_buildingclutter_2_rvs_pedestrian_6-10_na_na_0.104klux_20201120_358.vid,213
I:\VIDEO_DATA\2020_Data\PD\VIDEO\Greyscale\JP_Accord\FE\20201120\accord_jp_tp_pd_asphalt_markings_a95m_lowlight_cloudywithoutprecipitation_buildingclutter_2_rvs_pedestrian_6-10_na_na_0.104klux_20201120_359.vid,223
I:\VIDEO_DATA\2020_Data\PD\VIDEO\Greyscale\JP_Accord\FE\20201120\accord_jp_tp_pd_asphalt_markings_a95m_lowlight_cloudywithoutprecipitation_buildingclutter_2_rvs_pedestrian_6-10_na_na_0.104klux_20201120_360.vid,222
I:\VIDEO_DATA\2020_Data\PD\VIDEO\Greyscale\JP_Accord\FE\20201120\accord_jp_tp_pd_asphalt_markings_a95m_lowlight_cloudywithoutprecipitation_buildingclutter_2_rvs_pedestrian_6-10_na_na_0.13klux_20201120_343.vid,260
I:\VIDEO_DATA\2020_Data\PD\VIDEO\Greyscale\JP_Accord\FE\20201120\accord_jp_tp_pd_asphalt_markings_a95m_lowlight_cloudywithoutprecipitation_buildingclutter_2_rvs_pedestrian_6-10_na_na_0.13klux_20201120_344.vid,238
I:\VIDEO_DATA\2020_Data\PD\VIDEO\Greyscale\JP_Accord\FE\20201120\accord_jp_tp_pd_asphalt_markings_a95m_lowlight_cloudywithoutprecipitation_buildingclutter_2_rvs_pedestrian_6-10_na_na_0.13klux_20201120_345.vid,242
I:\VIDEO_DATA\2020_Data\PD\VIDEO\Greyscale\JP_Accord\FE\20201120\accord_jp_tp_pd_asphalt_markings_a95m_lowlight_cloudywithoutprecipitation_buildingclutter_2_rvs_pedestrian_6-10_na_na_0.13klux_20201120_346.vid,278
I:\VIDEO_DATA\2020_Data\PD\VIDEO\Greyscale\JP_Accord\FE\20201120\accord_jp_tp_pd_asphalt_markings_a95m_lowlight_cloudywithoutprecipitation_buildingclutter_2_rvs_pedestrian_6-10_na_na_0.13klux_20201120_347.vid,251
I:\VIDEO_DATA\2020_Data\PD\VIDEO\Greyscale\JP_Accord\FE\20201120\accord_jp_tp_pd_asphalt_markings_a95m_lowlight_cloudywithoutprecipitation_buildingclutter_2_rvs_pedestrian_6-10_na_na_0.13klux_20201120_348.vid,261
I:\VIDEO_DATA\2020_Data\PD\VIDEO\Greyscale\JP_Accord\FE\20201120\accord_jp_tp_pd_asphalt_markings_a95m_lowlight_cloudywithoutprecipitation_buildingclutter_2_rvs_pedestrian_6-10_na_na_0.269klux_20201120_337.vid,259
I:\VIDEO_DATA\2020_Data\PD\VIDEO\Greyscale\JP_Accord\FE\20201120\accord_jp_tp_pd_asphalt_markings_a95m_lowlight_cloudywithoutprecipitation_buildingclutter_2_rvs_pedestrian_6-10_na_na_0.269klux_20201120_338.vid,271
I:\VIDEO_DATA\2020_Data\PD\VIDEO\Greyscale\JP_Accord\FE\20201120\accord_jp_tp_pd_asphalt_markings_a95m_lowlight_cloudywithoutprecipitation_buildingclutter_2_rvs_pedestrian_6-10_na_na_0.269klux_20201120_339.vid,256
I:\VIDEO_DATA\2020_Data\PD\VIDEO\Greyscale\JP_Accord\FE\20201120\accord_jp_tp_pd_asphalt_markings_a95m_lowlight_cloudywithoutprecipitation_buildingclutter_2_rvs_pedestrian_6-10_na_na_0.269klux_20201120_340.vid,223
I:\VIDEO_DATA\2020_Data\PD\VIDEO\Greyscale\JP_Accord\FE\20201120\accord_jp_tp_pd_asphalt_markings_a95m_lowlight_cloudywithoutprecipitation_buildingclutter_2_rvs_pedestrian_6-10_na_na_0.269klux_20201120_341.vid,239
I:\VIDEO_DATA\2020_Data\PD\VIDEO\Greyscale\JP_Accord\FE\20201120\accord_jp_tp_pd_asphalt_markings_a95m_lowlight_cloudywithoutprecipitation_buildingclutter_2_rvs_pedestrian_6-10_na_na_0.269klux_20201120_342.vid,260
I:\VIDEO_DATA\2020_Data\PD\VIDEO\Greyscale\JP_Accord\FE\20201120\accord_jp_tp_pd_asphalt_markings_a95m_lowlight_cloudywithoutprecipitation_buildingclutter_2_rvs_pedestrian_6-10_na_na_10.95klux_20201120_277.vid,222
I:\VIDEO_DATA\2020_Data\PD\VIDEO\Greyscale\JP_Accord\FE\20201120\accord_jp_tp_pd_asphalt_markings_a95m_lowlight_cloudywithoutprecipitation_buildingclutter_2_rvs_pedestrian_6-10_na_na_10.95klux_20201120_278.vid,228
I:\VIDEO_DATA\2020_Data\PD\VIDEO\Greyscale\JP_Accord\FE\20201120\accord_jp_tp_pd_asphalt_markings_a95m_lowlight_cloudywithoutprecipitation_buildingclutter_2_rvs_pedestrian_6-10_na_na_10.95klux_20201120_279.vid,262
I:\VIDEO_DATA\2020_Data\PD\VIDEO\Greyscale\JP_Accord\FE\20201120\accord_jp_tp_pd_asphalt_markings_a95m_lowlight_cloudywithoutprecipitation_buildingclutter_2_rvs_pedestrian_6-10_na_na_10.95klux_20201120_280.vid,197
I:\VIDEO_DATA\2020_Data\PD\VIDEO\Greyscale\JP_Accord\FE\20201120\accord_jp_tp_pd_asphalt_markings_a95m_lowlight_cloudywithoutprecipitation_buildingclutter_2_rvs_pedestrian_6-10_na_na_10.95klux_20201120_281.vid,215
I:\VIDEO_DATA\2020_Data\PD\VIDEO\Greyscale\JP_Accord\FE\20201120\accord_jp_tp_pd_asphalt_markings_a95m_lowlight_cloudywithoutprecipitation_buildingclutter_2_rvs_pedestrian_6-10_na_na_10.95klux_20201120_282.vid,227
I:\VIDEO_DATA\2020_Data\PD\VIDEO\Greyscale\JP_Accord\FE\20201120\accord_jp_tp_pd_asphalt_markings_a95m_lowlight_cloudywithoutprecipitation_buildingclutter_2_rvs_pedestrian_6-10_na_na_10.95klux_20201120_283.vid,235
I:\VIDEO_DATA\2020_Data\PD\VIDEO\Greyscale\JP_Accord\FE\20201120\accord_jp_tp_pd_asphalt_markings_a95m_lowlight_cloudywithoutprecipitation_buildingclutter_2_rvs_pedestrian_6-10_na_na_10.95klux_20201120_284.vid,216
I:\VIDEO_DATA\2020_Data\PD\VIDEO\Greyscale\JP_Accord\FE\20201120\accord_jp_tp_pd_asphalt_markings_a95m_lowlight_cloudywithoutprecipitation_buildingclutter_2_rvs_pedestrian_6-10_na_na_10.95klux_20201120_285.vid,238
I:\VIDEO_DATA\2020_Data\PD\VIDEO\Greyscale\JP_Accord\FE\20201120\accord_jp_tp_pd_asphalt_markings_a95m_lowlight_cloudywithoutprecipitation_buildingclutter_2_rvs_pedestrian_6-10_na_na_10.95klux_20201120_286.vid,215
I:\VIDEO_DATA\2020_Data\PD\VIDEO\Greyscale\JP_Accord\FE\20201120\accord_jp_tp_pd_asphalt_markings_a95m_lowlight_cloudywithoutprecipitation_buildingclutter_2_rvs_pedestrian_6-10_na_na_10.95klux_20201120_287.vid,213
I:\VIDEO_DATA\2020_Data\PD\VIDEO\Greyscale\JP_Accord\FE\20201120\accord_jp_tp_pd_asphalt_markings_a95m_lowlight_cloudywithoutprecipitation_buildingclutter_2_rvs_pedestrian_6-10_na_na_10.95klux_20201120_288.vid,258
I:\VIDEO_DATA\2020_Data\PD\VIDEO\Greyscale\JP_Accord\FE\20201120\accord_jp_tp_pd_asphalt_markings_a95m_lowlight_cloudywithoutprecipitation_buildingclutter_2_rvs_pedestrian_6-10_na_na_13.5klux_20201120_049.vid,281
I:\VIDEO_DATA\2020_Data\PD\VIDEO\Greyscale\JP_Accord\FE\20201120\accord_jp_tp_pd_asphalt_markings_a95m_lowlight_cloudywithoutprecipitation_buildingclutter_2_rvs_pedestrian_6-10_na_na_13.5klux_20201120_050.vid,242
I:\VIDEO_DATA\2020_Data\PD\VIDEO\Greyscale\JP_Accord\FE\20201120\accord_jp_tp_pd_asphalt_markings_a95m_lowlight_cloudywithoutprecipitation_buildingclutter_2_rvs_pedestrian_6-10_na_na_13.5klux_20201120_051.vid,242
I:\VIDEO_DATA\2020_Data\PD\VIDEO\Greyscale\JP_Accord\FE\20201120\accord_jp_tp_pd_asphalt_markings_a95m_lowlight_cloudywithoutprecipitation_buildingclutter_2_rvs_pedestrian_6-10_na_na_13.5klux_20201120_052.vid,238
I:\VIDEO_DATA\2020_Data\PD\VIDEO\Greyscale\JP_Accord\FE\20201120\accord_jp_tp_pd_asphalt_markings_a95m_lowlight_cloudywithoutprecipitation_buildingclutter_2_rvs_pedestrian_6-10_na_na_13.5klux_20201120_053.vid,215
I:\VIDEO_DATA\2020_Data\PD\VIDEO\Greyscale\JP_Accord\FE\20201120\accord_jp_tp_pd_asphalt_markings_a95m_lowlight_cloudywithoutprecipitation_buildingclutter_2_rvs_pedestrian_6-10_na_na_13.5klux_20201120_054.vid,199
I:\VIDEO_DATA\2020_Data\PD\VIDEO\Greyscale\JP_Accord\FE\20201120\accord_jp_tp_pd_asphalt_markings_a95m_lowlight_cloudywithoutprecipitation_buildingclutter_2_rvs_pedestrian_6-10_na_na_13.5klux_20201120_055.vid,236
I:\VIDEO_DATA\2020_Data\PD\VIDEO\Greyscale\JP_Accord\FE\20201120\accord_jp_tp_pd_asphalt_markings_a95m_lowlight_cloudywithoutprecipitation_buildingclutter_2_rvs_pedestrian_6-10_na_na_13.5klux_20201120_056.vid,241
I:\VIDEO_DATA\2020_Data\PD\VIDEO\Greyscale\JP_Accord\FE\20201120\accord_jp_tp_pd_asphalt_markings_a95m_lowlight_cloudywithoutprecipitation_buildingclutter_2_rvs_pedestrian_6-10_na_na_13.5klux_20201120_057.vid,262
I:\VIDEO_DATA\2020_Data\PD\VIDEO\Greyscale\JP_Accord\FE\20201120\accord_jp_tp_pd_asphalt_markings_a95m_lowlight_cloudywithoutprecipitation_buildingclutter_2_rvs_pedestrian_6-10_na_na_13.5klux_20201120_058.vid,250
I:\VIDEO_DATA\2020_Data\PD\VIDEO\Greyscale\JP_Accord\FE\20201120\accord_jp_tp_pd_asphalt_markings_a95m_lowlight_cloudywithoutprecipitation_buildingclutter_2_rvs_pedestrian_6-10_na_na_13.5klux_20201120_059.vid,256
I:\VIDEO_DATA\2020_Data\PD\VIDEO\Greyscale\JP_Accord\FE\20201120\accord_jp_tp_pd_asphalt_markings_a95m_lowlight_cloudywithoutprecipitation_buildingclutter_2_rvs_pedestrian_6-10_na_na_13.5klux_20201120_060.vid,251
I:\VIDEO_DATA\2020_Data\PD\VIDEO\Greyscale\JP_Accord\FE\20201120\accord_jp_tp_pd_asphalt_markings_a95m_lowlight_cloudywithoutprecipitation_buildingclutter_2_rvs_pedestrian_6-10_na_na_13.5klux_20201120_158.vid,206
I:\VIDEO_DATA\2020_Data\PD\VIDEO\Greyscale\JP_Accord\FE\20201120\accord_jp_tp_pd_asphalt_markings_a95m_lowlight_cloudywithoutprecipitation_buildingclutter_2_rvs_pedestrian_6-10_na_na_13.5klux_20201120_159.vid,194
I:\VIDEO_DATA\2020_Data\PD\VIDEO\Greyscale\JP_Accord\FE\20201120\accord_jp_tp_pd_asphalt_markings_a95m_lowlight_cloudywithoutprecipitation_buildingclutter_2_rvs_pedestrian_6-10_na_na_13.5klux_20201120_160.vid,210
I:\VIDEO_DATA\2020_Data\PD\VIDEO\Greyscale\JP_Accord\FE\20201120\accord_jp_tp_pd_asphalt_markings_a95m_lowlight_cloudywithoutprecipitation_buildingclutter_2_rvs_pedestrian_6-10_na_na_13.5klux_20201120_161.vid,208
I:\VIDEO_DATA\2020_Data\PD\VIDEO\Greyscale\JP_Accord\FE\20201120\accord_jp_tp_pd_asphalt_markings_a95m_lowlight_cloudywithoutprecipitation_buildingclutter_2_rvs_pedestrian_6-10_na_na_13.5klux_20201120_162.vid,206
I:\VIDEO_DATA\2020_Data\PD\VIDEO\Greyscale\JP_Accord\FE\20201120\accord_jp_tp_pd_asphalt_markings_a95m_lowlight_cloudywithoutprecipitation_buildingclutter_2_rvs_pedestrian_6-10_na_na_13.5klux_20201120_163.vid,226
I:\VIDEO_DATA\2020_Data\PD\VIDEO\Greyscale\JP_Accord\FE\20201120\accord_jp_tp_pd_asphalt_markings_a95m_lowlight_cloudywithoutprecipitation_buildingclutter_2_rvs_pedestrian_6-10_na_na_13.5klux_20201120_164.vid,199
I:\VIDEO_DATA\2020_Data\PD\VIDEO\Greyscale\JP_Accord\FE\20201120\accord_jp_tp_pd_asphalt_markings_a95m_lowlight_cloudywithoutprecipitation_buildingclutter_2_rvs_pedestrian_6-10_na_na_13.5klux_20201120_165.vid,201
I:\VIDEO_DATA\2020_Data\PD\VIDEO\Greyscale\JP_Accord\FE\20201120\accord_jp_tp_pd_asphalt_markings_a95m_lowlight_cloudywithoutprecipitation_buildingclutter_2_rvs_pedestrian_6-10_na_na_13.5klux_20201120_166.vid,215
I:\VIDEO_DATA\2020_Data\PD\VIDEO\Greyscale\JP_Accord\FE\20201120\accord_jp_tp_pd_asphalt_markings_a95m_lowlight_cloudywithoutprecipitation_buildingclutter_2_rvs_pedestrian_6-10_na_na_13.5klux_20201120_167.vid,198
I:\VIDEO_DATA\2020_Data\PD\VIDEO\Greyscale\JP_Accord\FE\20201120\accord_jp_tp_pd_asphalt_markings_a95m_lowlight_cloudywithoutprecipitation_buildingclutter_2_rvs_pedestrian_6-10_na_na_13.5klux_20201120_168.vid,187
I:\VIDEO_DATA\2020_Data\PD\VIDEO\Greyscale\JP_Accord\FE\20201120\accord_jp_tp_pd_asphalt_markings_a95m_lowlight_cloudywithoutprecipitation_buildingclutter_2_rvs_pedestrian_6-10_na_na_13.68klux_20201120_169.vid,250
I:\VIDEO_DATA\2020_Data\PD\VIDEO\Greyscale\JP_Accord\FE\20201120\accord_jp_tp_pd_asphalt_markings_a95m_lowlight_cloudywithoutprecipitation_buildingclutter_2_rvs_pedestrian_6-10_na_na_13.68klux_20201120_170.vid,232
I:\VIDEO_DATA\2020_Data\PD\VIDEO\Greyscale\JP_Accord\FE\20201120\accord_jp_tp_pd_asphalt_markings_a95m_lowlight_cloudywithoutprecipitation_buildingclutter_2_rvs_pedestrian_6-10_na_na_13.68klux_20201120_171.vid,231
I:\VIDEO_DATA\2020_Data\PD\VIDEO\Greyscale\JP_Accord\FE\20201120\accord_jp_tp_pd_asphalt_markings_a95m_lowlight_cloudywithoutprecipitation_buildingclutter_2_rvs_pedestrian_6-10_na_na_13.68klux_20201120_172.vid,205
I:\VIDEO_DATA\2020_Data\PD\VIDEO\Greyscale\JP_Accord\FE\20201120\accord_jp_tp_pd_asphalt_markings_a95m_lowlight_cloudywithoutprecipitation_buildingclutter_2_rvs_pedestrian_6-10_na_na_13.68klux_20201120_173.vid,232
I:\VIDEO_DATA\2020_Data\PD\VIDEO\Greyscale\JP_Accord\FE\20201120\accord_jp_tp_pd_asphalt_markings_a95m_lowlight_cloudywithoutprecipitation_buildingclutter_2_rvs_pedestrian_6-10_na_na_13.68klux_20201120_174.vid,211
I:\VIDEO_DATA\2020_Data\PD\VIDEO\Greyscale\JP_Accord\FE\20201120\accord_jp_tp_pd_asphalt_markings_a95m_lowlight_cloudywithoutprecipitation_buildingclutter_2_rvs_pedestrian_6-10_na_na_13.68klux_20201120_175.vid,215
I:\VIDEO_DATA\2020_Data\PD\VIDEO\Greyscale\JP_Accord\FE\20201120\accord_jp_tp_pd_asphalt_markings_a95m_lowlight_cloudywithoutprecipitation_buildingclutter_2_rvs_pedestrian_6-10_na_na_13.68klux_20201120_176.vid,219
I:\VIDEO_DATA\2020_Data\PD\VIDEO\Greyscale\JP_Accord\FE\20201120\accord_jp_tp_pd_asphalt_markings_a95m_lowlight_cloudywithoutprecipitation_buildingclutter_2_rvs_pedestrian_6-10_na_na_13.68klux_20201120_177.vid,217
I:\VIDEO_DATA\2020_Data\PD\VIDEO\Greyscale\JP_Accord\FE\20201120\accord_jp_tp_pd_asphalt_markings_a95m_lowlight_cloudywithoutprecipitation_buildingclutter_2_rvs_pedestrian_6-10_na_na_13.68klux_20201120_178.vid,220
I:\VIDEO_DATA\2020_Data\PD\VIDEO\Greyscale\JP_Accord\FE\20201120\accord_jp_tp_pd_asphalt_markings_a95m_lowlight_cloudywithoutprecipitation_buildingclutter_2_rvs_pedestrian_6-10_na_na_13.68klux_20201120_179.vid,228
I:\VIDEO_DATA\2020_Data\PD\VIDEO\Greyscale\JP_Accord\FE\20201120\accord_jp_tp_pd_asphalt_markings_a95m_lowlight_cloudywithoutprecipitation_buildingclutter_2_rvs_pedestrian_6-10_na_na_13.68klux_20201120_180.vid,245
I:\VIDEO_DATA\2020_Data\PD\VIDEO\Greyscale\JP_Accord\FE\20201120\accord_jp_tp_pd_asphalt_markings_a95m_lowlight_cloudywithoutprecipitation_buildingclutter_2_rvs_pedestrian_6-10_na_na_14.86klux_20201120_181.vid,261
I:\VIDEO_DATA\2020_Data\PD\VIDEO\Greyscale\JP_Accord\FE\20201120\accord_jp_tp_pd_asphalt_markings_a95m_lowlight_cloudywithoutprecipitation_buildingclutter_2_rvs_pedestrian_6-10_na_na_14.86klux_20201120_182.vid,225
I:\VIDEO_DATA\2020_Data\PD\VIDEO\Greyscale\JP_Accord\FE\20201120\accord_jp_tp_pd_asphalt_markings_a95m_lowlight_cloudywithoutprecipitation_buildingclutter_2_rvs_pedestrian_6-10_na_na_14.86klux_20201120_183.vid,251
I:\VIDEO_DATA\2020_Data\PD\VIDEO\Greyscale\JP_Accord\FE\20201120\accord_jp_tp_pd_asphalt_markings_a95m_lowlight_cloudywithoutprecipitation_buildingclutter_2_rvs_pedestrian_6-10_na_na_14.86klux_20201120_184.vid,234
I:\VIDEO_DATA\2020_Data\PD\VIDEO\Greyscale\JP_Accord\FE\20201120\accord_jp_tp_pd_asphalt_markings_a95m_lowlight_cloudywithoutprecipitation_buildingclutter_2_rvs_pedestrian_6-10_na_na_14.86klux_20201120_185.vid,237
I:\VIDEO_DATA\2020_Data\PD\VIDEO\Greyscale\JP_Accord\FE\20201120\accord_jp_tp_pd_asphalt_markings_a95m_lowlight_cloudywithoutprecipitation_buildingclutter_2_rvs_pedestrian_6-10_na_na_14.86klux_20201120_186.vid,234
I:\VIDEO_DATA\2020_Data\PD\VIDEO\Greyscale\JP_Accord\FE\20201120\accord_jp_tp_pd_asphalt_markings_a95m_lowlight_cloudywithoutprecipitation_buildingclutter_2_rvs_pedestrian_6-10_na_na_14.86klux_20201120_187.vid,218
I:\VIDEO_DATA\2020_Data\PD\VIDEO\Greyscale\JP_Accord\FE\20201120\accord_jp_tp_pd_asphalt_markings_a95m_lowlight_cloudywithoutprecipitation_buildingclutter_2_rvs_pedestrian_6-10_na_na_14.86klux_20201120_188.vid,221
I:\VIDEO_DATA\2020_Data\PD\VIDEO\Greyscale\JP_Accord\FE\20201120\accord_jp_tp_pd_asphalt_markings_a95m_lowlight_cloudywithoutprecipitation_buildingclutter_2_rvs_pedestrian_6-10_na_na_14.86klux_20201120_189.vid,229
I:\VIDEO_DATA\2020_Data\PD\VIDEO\Greyscale\JP_Accord\FE\20201120\accord_jp_tp_pd_asphalt_markings_a95m_lowlight_cloudywithoutprecipitation_buildingclutter_2_rvs_pedestrian_6-10_na_na_14.86klux_20201120_190.vid,223
I:\VIDEO_DATA\2020_Data\PD\VIDEO\Greyscale\JP_Accord\FE\20201120\accord_jp_tp_pd_asphalt_markings_a95m_lowlight_cloudywithoutprecipitation_buildingclutter_2_rvs_pedestrian_6-10_na_na_14.86klux_20201120_191.vid,265
I:\VIDEO_DATA\2020_Data\PD\VIDEO\Greyscale\JP_Accord\FE\20201120\accord_jp_tp_pd_asphalt_markings_a95m_lowlight_cloudywithoutprecipitation_buildingclutter_2_rvs_pedestrian_6-10_na_na_14.86klux_20201120_192.vid,236
I:\VIDEO_DATA\2020_Data\PD\VIDEO\Greyscale\JP_Accord\FE\20201120\accord_jp_tp_pd_asphalt_markings_a95m_lowlight_cloudywithoutprecipitation_buildingclutter_2_rvs_pedestrian_6-10_na_na_5.39klux_20201120_241.vid,231
I:\VIDEO_DATA\2020_Data\PD\VIDEO\Greyscale\JP_Accord\FE\20201120\accord_jp_tp_pd_asphalt_markings_a95m_lowlight_cloudywithoutprecipitation_buildingclutter_2_rvs_pedestrian_6-10_na_na_5.39klux_20201120_242.vid,215
I:\VIDEO_DATA\2020_Data\PD\VIDEO\Greyscale\JP_Accord\FE\20201120\accord_jp_tp_pd_asphalt_markings_a95m_lowlight_cloudywithoutprecipitation_buildingclutter_2_rvs_pedestrian_6-10_na_na_5.39klux_20201120_243.vid,244
I:\VIDEO_DATA\2020_Data\PD\VIDEO\Greyscale\JP_Accord\FE\20201120\accord_jp_tp_pd_asphalt_markings_a95m_lowlight_cloudywithoutprecipitation_buildingclutter_2_rvs_pedestrian_6-10_na_na_5.39klux_20201120_244.vid,224
I:\VIDEO_DATA\2020_Data\PD\VIDEO\Greyscale\JP_Accord\FE\20201120\accord_jp_tp_pd_asphalt_markings_a95m_lowlight_cloudywithoutprecipitation_buildingclutter_2_rvs_pedestrian_6-10_na_na_5.39klux_20201120_245.vid,486
I:\VIDEO_DATA\2020_Data\PD\VIDEO\Greyscale\JP_Accord\FE\20201120\accord_jp_tp_pd_asphalt_markings_a95m_lowlight_cloudywithoutprecipitation_buildingclutter_2_rvs_pedestrian_6-10_na_na_5.39klux_20201120_246.vid,188
I:\VIDEO_DATA\2020_Data\PD\VIDEO\Greyscale\JP_Accord\FE\20201120\accord_jp_tp_pd_asphalt_markings_a95m_lowlight_cloudywithoutprecipitation_buildingclutter_2_rvs_pedestrian_6-10_na_na_5.39klux_20201120_247.vid,201
I:\VIDEO_DATA\2020_Data\PD\VIDEO\Greyscale\JP_Accord\FE\20201120\accord_jp_tp_pd_asphalt_markings_a95m_lowlight_cloudywithoutprecipitation_buildingclutter_2_rvs_pedestrian_6-10_na_na_5.39klux_20201120_248.vid,182
I:\VIDEO_DATA\2020_Data\PD\VIDEO\Greyscale\JP_Accord\FE\20201120\accord_jp_tp_pd_asphalt_markings_a95m_lowlight_cloudywithoutprecipitation_buildingclutter_2_rvs_pedestrian_6-10_na_na_5.39klux_20201120_249.vid,207
I:\VIDEO_DATA\2020_Data\PD\VIDEO\Greyscale\JP_Accord\FE\20201120\accord_jp_tp_pd_asphalt_markings_a95m_lowlight_cloudywithoutprecipitation_buildingclutter_2_rvs_pedestrian_6-10_na_na_5.39klux_20201120_250.vid,214
I:\VIDEO_DATA\2020_Data\PD\VIDEO\Greyscale\JP_Accord\FE\20201120\accord_jp_tp_pd_asphalt_markings_a95m_lowlight_cloudywithoutprecipitation_buildingclutter_2_rvs_pedestrian_6-10_na_na_5.39klux_20201120_251.vid,228
I:\VIDEO_DATA\2020_Data\PD\VIDEO\Greyscale\JP_Accord\FE\20201120\accord_jp_tp_pd_asphalt_markings_a95m_lowlight_cloudywithoutprecipitation_buildingclutter_2_rvs_pedestrian_6-10_na_na_5.39klux_20201120_252.vid,201
I:\VIDEO_DATA\2020_Data\PD\VIDEO\Greyscale\JP_Accord\FE\20201120\accord_jp_tp_pd_asphalt_markings_a95m_lowlight_cloudywithoutprecipitation_buildingclutter_2_rvs_pedestrian_6-10_na_na_5.8klux_20201120_265.vid,244
I:\VIDEO_DATA\2020_Data\PD\VIDEO\Greyscale\JP_Accord\FE\20201120\accord_jp_tp_pd_asphalt_markings_a95m_lowlight_cloudywithoutprecipitation_buildingclutter_2_rvs_pedestrian_6-10_na_na_5.8klux_20201120_266.vid,285
I:\VIDEO_DATA\2020_Data\PD\VIDEO\Greyscale\JP_Accord\FE\20201120\accord_jp_tp_pd_asphalt_markings_a95m_lowlight_cloudywithoutprecipitation_buildingclutter_2_rvs_pedestrian_6-10_na_na_5.8klux_20201120_267.vid,230
I:\VIDEO_DATA\2020_Data\PD\VIDEO\Greyscale\JP_Accord\FE\20201120\accord_jp_tp_pd_asphalt_markings_a95m_lowlight_cloudywithoutprecipitation_buildingclutter_2_rvs_pedestrian_6-10_na_na_5.8klux_20201120_268.vid,223
I:\VIDEO_DATA\2020_Data\PD\VIDEO\Greyscale\JP_Accord\FE\20201120\accord_jp_tp_pd_asphalt_markings_a95m_lowlight_cloudywithoutprecipitation_buildingclutter_2_rvs_pedestrian_6-10_na_na_5.8klux_20201120_269.vid,229
I:\VIDEO_DATA\2020_Data\PD\VIDEO\Greyscale\JP_Accord\FE\20201120\accord_jp_tp_pd_asphalt_markings_a95m_lowlight_cloudywithoutprecipitation_buildingclutter_2_rvs_pedestrian_6-10_na_na_5.8klux_20201120_270.vid,233
I:\VIDEO_DATA\2020_Data\PD\VIDEO\Greyscale\JP_Accord\FE\20201120\accord_jp_tp_pd_asphalt_markings_a95m_lowlight_cloudywithoutprecipitation_buildingclutter_2_rvs_pedestrian_6-10_na_na_5.8klux_20201120_271.vid,232
I:\VIDEO_DATA\2020_Data\PD\VIDEO\Greyscale\JP_Accord\FE\20201120\accord_jp_tp_pd_asphalt_markings_a95m_lowlight_cloudywithoutprecipitation_buildingclutter_2_rvs_pedestrian_6-10_na_na_5.8klux_20201120_272.vid,216
I:\VIDEO_DATA\2020_Data\PD\VIDEO\Greyscale\JP_Accord\FE\20201120\accord_jp_tp_pd_asphalt_markings_a95m_lowlight_cloudywithoutprecipitation_buildingclutter_2_rvs_pedestrian_6-10_na_na_5.8klux_20201120_273.vid,233
I:\VIDEO_DATA\2020_Data\PD\VIDEO\Greyscale\JP_Accord\FE\20201120\accord_jp_tp_pd_asphalt_markings_a95m_lowlight_cloudywithoutprecipitation_buildingclutter_2_rvs_pedestrian_6-10_na_na_5.8klux_20201120_274.vid,235
I:\VIDEO_DATA\2020_Data\PD\VIDEO\Greyscale\JP_Accord\FE\20201120\accord_jp_tp_pd_asphalt_markings_a95m_lowlight_cloudywithoutprecipitation_buildingclutter_2_rvs_pedestrian_6-10_na_na_5.8klux_20201120_275.vid,226
I:\VIDEO_DATA\2020_Data\PD\VIDEO\Greyscale\JP_Accord\FE\20201120\accord_jp_tp_pd_asphalt_markings_a95m_lowlight_cloudywithoutprecipitation_buildingclutter_2_rvs_pedestrian_6-10_na_na_5.8klux_20201120_276.vid,232
I:\VIDEO_DATA\2020_Data\PD\VIDEO\Greyscale\JP_Accord\FE\20201120\accord_jp_tp_pd_asphalt_markings_a95m_lowlight_cloudywithoutprecipitation_buildingclutter_2_rvs_pedestrian_6-10_na_na_7.2klux_20201120_253.vid,221
I:\VIDEO_DATA\2020_Data\PD\VIDEO\Greyscale\JP_Accord\FE\20201120\accord_jp_tp_pd_asphalt_markings_a95m_lowlight_cloudywithoutprecipitation_buildingclutter_2_rvs_pedestrian_6-10_na_na_7.2klux_20201120_254.vid,239
I:\VIDEO_DATA\2020_Data\PD\VIDEO\Greyscale\JP_Accord\FE\20201120\accord_jp_tp_pd_asphalt_markings_a95m_lowlight_cloudywithoutprecipitation_buildingclutter_2_rvs_pedestrian_6-10_na_na_7.2klux_20201120_255.vid,236
I:\VIDEO_DATA\2020_Data\PD\VIDEO\Greyscale\JP_Accord\FE\20201120\accord_jp_tp_pd_asphalt_markings_a95m_lowlight_cloudywithoutprecipitation_buildingclutter_2_rvs_pedestrian_6-10_na_na_7.2klux_20201120_256.vid,228
I:\VIDEO_DATA\2020_Data\PD\VIDEO\Greyscale\JP_Accord\FE\20201120\accord_jp_tp_pd_asphalt_markings_a95m_lowlight_cloudywithoutprecipitation_buildingclutter_2_rvs_pedestrian_6-10_na_na_7.2klux_20201120_257.vid,256
I:\VIDEO_DATA\2020_Data\PD\VIDEO\Greyscale\JP_Accord\FE\20201120\accord_jp_tp_pd_asphalt_markings_a95m_lowlight_cloudywithoutprecipitation_buildingclutter_2_rvs_pedestrian_6-10_na_na_7.2klux_20201120_258.vid,218
I:\VIDEO_DATA\2020_Data\PD\VIDEO\Greyscale\JP_Accord\FE\20201120\accord_jp_tp_pd_asphalt_markings_a95m_lowlight_cloudywithoutprecipitation_buildingclutter_2_rvs_pedestrian_6-10_na_na_7.2klux_20201120_259.vid,243
I:\VIDEO_DATA\2020_Data\PD\VIDEO\Greyscale\JP_Accord\FE\20201120\accord_jp_tp_pd_asphalt_markings_a95m_lowlight_cloudywithoutprecipitation_buildingclutter_2_rvs_pedestrian_6-10_na_na_7.2klux_20201120_260.vid,233
I:\VIDEO_DATA\2020_Data\PD\VIDEO\Greyscale\JP_Accord\FE\20201120\accord_jp_tp_pd_asphalt_markings_a95m_lowlight_cloudywithoutprecipitation_buildingclutter_2_rvs_pedestrian_6-10_na_na_7.2klux_20201120_261.vid,311
I:\VIDEO_DATA\2020_Data\PD\VIDEO\Greyscale\JP_Accord\FE\20201120\accord_jp_tp_pd_asphalt_markings_a95m_lowlight_cloudywithoutprecipitation_buildingclutter_2_rvs_pedestrian_6-10_na_na_7.2klux_20201120_262.vid,225
I:\VIDEO_DATA\2020_Data\PD\VIDEO\Greyscale\JP_Accord\FE\20201120\accord_jp_tp_pd_asphalt_markings_a95m_lowlight_cloudywithoutprecipitation_buildingclutter_2_rvs_pedestrian_6-10_na_na_7.2klux_20201120_263.vid,224
I:\VIDEO_DATA\2020_Data\PD\VIDEO\Greyscale\JP_Accord\FE\20201120\accord_jp_tp_pd_asphalt_markings_a95m_lowlight_cloudywithoutprecipitation_buildingclutter_2_rvs_pedestrian_6-10_na_na_7.2klux_20201120_264.vid,226
I:\VIDEO_DATA\2020_Data\PD\VIDEO\Greyscale\JP_Accord\FE\20201120\accord_jp_tp_pd_asphalt_markings_a95m_lowlight_raining_buildingclutter_2_rvs_pedestrian_1-5_na_na_6.45klux_20201120_025.vid,380
I:\VIDEO_DATA\2020_Data\PD\VIDEO\Greyscale\JP_Accord\FE\20201120\accord_jp_tp_pd_asphalt_markings_a95m_lowlight_raining_buildingclutter_2_rvs_pedestrian_1-5_na_na_6.45klux_20201120_026.vid,377
I:\VIDEO_DATA\2020_Data\PD\VIDEO\Greyscale\JP_Accord\FE\20201120\accord_jp_tp_pd_asphalt_markings_a95m_lowlight_raining_buildingclutter_2_rvs_pedestrian_1-5_na_na_6.45klux_20201120_027.vid,389
I:\VIDEO_DATA\2020_Data\PD\VIDEO\Greyscale\JP_Accord\FE\20201120\accord_jp_tp_pd_asphalt_markings_a95m_lowlight_raining_buildingclutter_2_rvs_pedestrian_1-5_na_na_6.45klux_20201120_028.vid,367
I:\VIDEO_DATA\2020_Data\PD\VIDEO\Greyscale\JP_Accord\FE\20201120\accord_jp_tp_pd_asphalt_markings_a95m_lowlight_raining_buildingclutter_2_rvs_pedestrian_1-5_na_na_6.45klux_20201120_029.vid,390
I:\VIDEO_DATA\2020_Data\PD\VIDEO\Greyscale\JP_Accord\FE\20201120\accord_jp_tp_pd_asphalt_markings_a95m_lowlight_raining_buildingclutter_2_rvs_pedestrian_1-5_na_na_6.45klux_20201120_030.vid,369
I:\VIDEO_DATA\2020_Data\PD\VIDEO\Greyscale\JP_Accord\FE\20201120\accord_jp_tp_pd_asphalt_markings_a95m_lowlight_raining_buildingclutter_2_rvs_pedestrian_1-5_na_na_6.45klux_20201120_031.vid,405
I:\VIDEO_DATA\2020_Data\PD\VIDEO\Greyscale\JP_Accord\FE\20201120\accord_jp_tp_pd_asphalt_markings_a95m_lowlight_raining_buildingclutter_2_rvs_pedestrian_1-5_na_na_6.45klux_20201120_032.vid,412
I:\VIDEO_DATA\2020_Data\PD\VIDEO\Greyscale\JP_Accord\FE\20201120\accord_jp_tp_pd_asphalt_markings_a95m_lowlight_raining_buildingclutter_2_rvs_pedestrian_1-5_na_na_6.45klux_20201120_033.vid,426
I:\VIDEO_DATA\2020_Data\PD\VIDEO\Greyscale\JP_Accord\FE\20201120\accord_jp_tp_pd_asphalt_markings_a95m_lowlight_raining_buildingclutter_2_rvs_pedestrian_1-5_na_na_6.45klux_20201120_034.vid,389
I:\VIDEO_DATA\2020_Data\PD\VIDEO\Greyscale\JP_Accord\FE\20201120\accord_jp_tp_pd_asphalt_markings_a95m_lowlight_raining_buildingclutter_2_rvs_pedestrian_1-5_na_na_6.45klux_20201120_035.vid,394
I:\VIDEO_DATA\2020_Data\PD\VIDEO\Greyscale\JP_Accord\FE\20201120\accord_jp_tp_pd_asphalt_markings_a95m_lowlight_raining_buildingclutter_2_rvs_pedestrian_1-5_na_na_6.45klux_20201120_036.vid,433
I:\VIDEO_DATA\2020_Data\PD\VIDEO\Greyscale\JP_Accord\FE\20201120\accord_jp_tp_pd_asphalt_markings_a95m_lowlight_raining_buildingclutter_2_rvs_pedestrian_1-5_na_na_7.5klux_20201120_002.vid,379
I:\VIDEO_DATA\2020_Data\PD\VIDEO\Greyscale\JP_Accord\FE\20201120\accord_jp_tp_pd_asphalt_markings_a95m_lowlight_raining_buildingclutter_2_rvs_pedestrian_1-5_na_na_7.5klux_20201120_003.vid,364
I:\VIDEO_DATA\2020_Data\PD\VIDEO\Greyscale\JP_Accord\FE\20201120\accord_jp_tp_pd_asphalt_markings_a95m_lowlight_raining_buildingclutter_2_rvs_pedestrian_1-5_na_na_7.5klux_20201120_004.vid,319
I:\VIDEO_DATA\2020_Data\PD\VIDEO\Greyscale\JP_Accord\FE\20201120\accord_jp_tp_pd_asphalt_markings_a95m_lowlight_raining_buildingclutter_2_rvs_pedestrian_1-5_na_na_7.5klux_20201120_005.vid,379
I:\VIDEO_DATA\2020_Data\PD\VIDEO\Greyscale\JP_Accord\FE\20201120\accord_jp_tp_pd_asphalt_markings_a95m_lowlight_raining_buildingclutter_2_rvs_pedestrian_1-5_na_na_7.5klux_20201120_006.vid,295
I:\VIDEO_DATA\2020_Data\PD\VIDEO\Greyscale\JP_Accord\FE\20201120\accord_jp_tp_pd_asphalt_markings_a95m_lowlight_raining_buildingclutter_2_rvs_pedestrian_1-5_na_na_7.5klux_20201120_007.vid,409
I:\VIDEO_DATA\2020_Data\PD\VIDEO\Greyscale\JP_Accord\FE\20201120\accord_jp_tp_pd_asphalt_markings_a95m_lowlight_raining_buildingclutter_2_rvs_pedestrian_1-5_na_na_7.5klux_20201120_008.vid,352
I:\VIDEO_DATA\2020_Data\PD\VIDEO\Greyscale\JP_Accord\FE\20201120\accord_jp_tp_pd_asphalt_markings_a95m_lowlight_raining_buildingclutter_2_rvs_pedestrian_1-5_na_na_7.5klux_20201120_009.vid,353
I:\VIDEO_DATA\2020_Data\PD\VIDEO\Greyscale\JP_Accord\FE\20201120\accord_jp_tp_pd_asphalt_markings_a95m_lowlight_raining_buildingclutter_2_rvs_pedestrian_1-5_na_na_8.3klux_20201120_013.vid,273
I:\VIDEO_DATA\2020_Data\PD\VIDEO\Greyscale\JP_Accord\FE\20201120\accord_jp_tp_pd_asphalt_markings_a95m_lowlight_raining_buildingclutter_2_rvs_pedestrian_1-5_na_na_8.3klux_20201120_014.vid,395
I:\VIDEO_DATA\2020_Data\PD\VIDEO\Greyscale\JP_Accord\FE\20201120\accord_jp_tp_pd_asphalt_markings_a95m_lowlight_raining_buildingclutter_2_rvs_pedestrian_1-5_na_na_8.3klux_20201120_015.vid,378
I:\VIDEO_DATA\2020_Data\PD\VIDEO\Greyscale\JP_Accord\FE\20201120\accord_jp_tp_pd_asphalt_markings_a95m_lowlight_raining_buildingclutter_2_rvs_pedestrian_1-5_na_na_8.3klux_20201120_016.vid,348
I:\VIDEO_DATA\2020_Data\PD\VIDEO\Greyscale\JP_Accord\FE\20201120\accord_jp_tp_pd_asphalt_markings_a95m_lowlight_raining_buildingclutter_2_rvs_pedestrian_1-5_na_na_8.3klux_20201120_017.vid,331
I:\VIDEO_DATA\2020_Data\PD\VIDEO\Greyscale\JP_Accord\FE\20201120\accord_jp_tp_pd_asphalt_markings_a95m_lowlight_raining_buildingclutter_2_rvs_pedestrian_1-5_na_na_8.3klux_20201120_018.vid,322
I:\VIDEO_DATA\2020_Data\PD\VIDEO\Greyscale\JP_Accord\FE\20201120\accord_jp_tp_pd_asphalt_markings_a95m_lowlight_raining_buildingclutter_2_rvs_pedestrian_1-5_na_na_8.3klux_20201120_019.vid,341
I:\VIDEO_DATA\2020_Data\PD\VIDEO\Greyscale\JP_Accord\FE\20201120\accord_jp_tp_pd_asphalt_markings_a95m_lowlight_raining_buildingclutter_2_rvs_pedestrian_1-5_na_na_8.3klux_20201120_020.vid,309
I:\VIDEO_DATA\2020_Data\PD\VIDEO\Greyscale\JP_Accord\FE\20201120\accord_jp_tp_pd_asphalt_markings_a95m_lowlight_raining_buildingclutter_2_rvs_pedestrian_1-5_na_na_8.3klux_20201120_021.vid,312
I:\VIDEO_DATA\2020_Data\PD\VIDEO\Greyscale\JP_Accord\FE\20201120\accord_jp_tp_pd_asphalt_markings_a95m_lowlight_raining_buildingclutter_2_rvs_pedestrian_1-5_na_na_8.3klux_20201120_022.vid,311
I:\VIDEO_DATA\2020_Data\PD\VIDEO\Greyscale\JP_Accord\FE\20201120\accord_jp_tp_pd_asphalt_markings_a95m_lowlight_raining_buildingclutter_2_rvs_pedestrian_1-5_na_na_8.3klux_20201120_023.vid,325
I:\VIDEO_DATA\2020_Data\PD\VIDEO\Greyscale\JP_Accord\FE\20201120\accord_jp_tp_pd_asphalt_markings_a95m_lowlight_raining_buildingclutter_2_rvs_pedestrian_1-5_na_na_8.3klux_20201120_024.vid,327
I:\VIDEO_DATA\2020_Data\PD\VIDEO\Greyscale\JP_Accord\FE\20201120\accord_jp_tp_pd_asphalt_markings_a95m_mediumlight_cloudywithoutprecipitation_buildingclutter_2_rvs_pedestrian_1-5_na_na_16.26klux_20201120_133.vid,392
I:\VIDEO_DATA\2020_Data\PD\VIDEO\Greyscale\JP_Accord\FE\20201120\accord_jp_tp_pd_asphalt_markings_a95m_mediumlight_cloudywithoutprecipitation_buildingclutter_2_rvs_pedestrian_1-5_na_na_16.26klux_20201120_134.vid,353
I:\VIDEO_DATA\2020_Data\PD\VIDEO\Greyscale\JP_Accord\FE\20201120\accord_jp_tp_pd_asphalt_markings_a95m_mediumlight_cloudywithoutprecipitation_buildingclutter_2_rvs_pedestrian_1-5_na_na_16.26klux_20201120_135.vid,331
I:\VIDEO_DATA\2020_Data\PD\VIDEO\Greyscale\JP_Accord\FE\20201120\accord_jp_tp_pd_asphalt_markings_a95m_mediumlight_cloudywithoutprecipitation_buildingclutter_2_rvs_pedestrian_1-5_na_na_16.26klux_20201120_136.vid,338
I:\VIDEO_DATA\2020_Data\PD\VIDEO\Greyscale\JP_Accord\FE\20201120\accord_jp_tp_pd_asphalt_markings_a95m_mediumlight_cloudywithoutprecipitation_buildingclutter_2_rvs_pedestrian_1-5_na_na_16.26klux_20201120_137.vid,366
I:\VIDEO_DATA\2020_Data\PD\VIDEO\Greyscale\JP_Accord\FE\20201120\accord_jp_tp_pd_asphalt_markings_a95m_mediumlight_cloudywithoutprecipitation_buildingclutter_2_rvs_pedestrian_1-5_na_na_16.26klux_20201120_138.vid,350
I:\VIDEO_DATA\2020_Data\PD\VIDEO\Greyscale\JP_Accord\FE\20201120\accord_jp_tp_pd_asphalt_markings_a95m_mediumlight_cloudywithoutprecipitation_buildingclutter_2_rvs_pedestrian_1-5_na_na_16.26klux_20201120_139.vid,383
I:\VIDEO_DATA\2020_Data\PD\VIDEO\Greyscale\JP_Accord\FE\20201120\accord_jp_tp_pd_asphalt_markings_a95m_mediumlight_cloudywithoutprecipitation_buildingclutter_2_rvs_pedestrian_1-5_na_na_16.26klux_20201120_140.vid,406
I:\VIDEO_DATA\2020_Data\PD\VIDEO\Greyscale\JP_Accord\FE\20201120\accord_jp_tp_pd_asphalt_markings_a95m_mediumlight_cloudywithoutprecipitation_buildingclutter_2_rvs_pedestrian_1-5_na_na_16.26klux_20201120_141.vid,412
I:\VIDEO_DATA\2020_Data\PD\VIDEO\Greyscale\JP_Accord\FE\20201120\accord_jp_tp_pd_asphalt_markings_a95m_mediumlight_cloudywithoutprecipitation_buildingclutter_2_rvs_pedestrian_1-5_na_na_16.26klux_20201120_142.vid,397
I:\VIDEO_DATA\2020_Data\PD\VIDEO\Greyscale\JP_Accord\FE\20201120\accord_jp_tp_pd_asphalt_markings_a95m_mediumlight_cloudywithoutprecipitation_buildingclutter_2_rvs_pedestrian_1-5_na_na_16.26klux_20201120_143.vid,396
I:\VIDEO_DATA\2020_Data\PD\VIDEO\Greyscale\JP_Accord\FE\20201120\accord_jp_tp_pd_asphalt_markings_a95m_mediumlight_cloudywithoutprecipitation_buildingclutter_2_rvs_pedestrian_1-5_na_na_16.26klux_20201120_144.vid,396
I:\VIDEO_DATA\2020_Data\PD\VIDEO\Greyscale\JP_Accord\FE\20201120\accord_jp_tp_pd_asphalt_markings_a95m_mediumlight_cloudywithoutprecipitation_buildingclutter_2_rvs_pedestrian_1-5_na_na_16.95klux_20201120_097.vid,337
I:\VIDEO_DATA\2020_Data\PD\VIDEO\Greyscale\JP_Accord\FE\20201120\accord_jp_tp_pd_asphalt_markings_a95m_mediumlight_cloudywithoutprecipitation_buildingclutter_2_rvs_pedestrian_1-5_na_na_16.95klux_20201120_098.vid,309
I:\VIDEO_DATA\2020_Data\PD\VIDEO\Greyscale\JP_Accord\FE\20201120\accord_jp_tp_pd_asphalt_markings_a95m_mediumlight_cloudywithoutprecipitation_buildingclutter_2_rvs_pedestrian_1-5_na_na_16.95klux_20201120_099.vid,295
I:\VIDEO_DATA\2020_Data\PD\VIDEO\Greyscale\JP_Accord\FE\20201120\accord_jp_tp_pd_asphalt_markings_a95m_mediumlight_cloudywithoutprecipitation_buildingclutter_2_rvs_pedestrian_1-5_na_na_16.95klux_20201120_100.vid,281
I:\VIDEO_DATA\2020_Data\PD\VIDEO\Greyscale\JP_Accord\FE\20201120\accord_jp_tp_pd_asphalt_markings_a95m_mediumlight_cloudywithoutprecipitation_buildingclutter_2_rvs_pedestrian_1-5_na_na_16.95klux_20201120_101.vid,290
I:\VIDEO_DATA\2020_Data\PD\VIDEO\Greyscale\JP_Accord\FE\20201120\accord_jp_tp_pd_asphalt_markings_a95m_mediumlight_cloudywithoutprecipitation_buildingclutter_2_rvs_pedestrian_1-5_na_na_16.95klux_20201120_102.vid,334
I:\VIDEO_DATA\2020_Data\PD\VIDEO\Greyscale\JP_Accord\FE\20201120\accord_jp_tp_pd_asphalt_markings_a95m_mediumlight_cloudywithoutprecipitation_buildingclutter_2_rvs_pedestrian_1-5_na_na_16.95klux_20201120_103.vid,304
I:\VIDEO_DATA\2020_Data\PD\VIDEO\Greyscale\JP_Accord\FE\20201120\accord_jp_tp_pd_asphalt_markings_a95m_mediumlight_cloudywithoutprecipitation_buildingclutter_2_rvs_pedestrian_1-5_na_na_16.95klux_20201120_104.vid,315
I:\VIDEO_DATA\2020_Data\PD\VIDEO\Greyscale\JP_Accord\FE\20201120\accord_jp_tp_pd_asphalt_markings_a95m_mediumlight_cloudywithoutprecipitation_buildingclutter_2_rvs_pedestrian_1-5_na_na_16.95klux_20201120_105.vid,334
I:\VIDEO_DATA\2020_Data\PD\VIDEO\Greyscale\JP_Accord\FE\20201120\accord_jp_tp_pd_asphalt_markings_a95m_mediumlight_cloudywithoutprecipitation_buildingclutter_2_rvs_pedestrian_1-5_na_na_16.95klux_20201120_106.vid,328
I:\VIDEO_DATA\2020_Data\PD\VIDEO\Greyscale\JP_Accord\FE\20201120\accord_jp_tp_pd_asphalt_markings_a95m_mediumlight_cloudywithoutprecipitation_buildingclutter_2_rvs_pedestrian_1-5_na_na_16.95klux_20201120_107.vid,317
I:\VIDEO_DATA\2020_Data\PD\VIDEO\Greyscale\JP_Accord\FE\20201120\accord_jp_tp_pd_asphalt_markings_a95m_mediumlight_cloudywithoutprecipitation_buildingclutter_2_rvs_pedestrian_1-5_na_na_16.95klux_20201120_108.vid,290
I:\VIDEO_DATA\2020_Data\PD\VIDEO\Greyscale\JP_Accord\FE\20201120\accord_jp_tp_pd_asphalt_markings_a95m_mediumlight_cloudywithoutprecipitation_buildingclutter_2_rvs_pedestrian_1-5_na_na_17.19klux_20201120_193.vid,275
I:\VIDEO_DATA\2020_Data\PD\VIDEO\Greyscale\JP_Accord\FE\20201120\accord_jp_tp_pd_asphalt_markings_a95m_mediumlight_cloudywithoutprecipitation_buildingclutter_2_rvs_pedestrian_1-5_na_na_17.19klux_20201120_194.vid,297
I:\VIDEO_DATA\2020_Data\PD\VIDEO\Greyscale\JP_Accord\FE\20201120\accord_jp_tp_pd_asphalt_markings_a95m_mediumlight_cloudywithoutprecipitation_buildingclutter_2_rvs_pedestrian_1-5_na_na_17.19klux_20201120_195.vid,290
I:\VIDEO_DATA\2020_Data\PD\VIDEO\Greyscale\JP_Accord\FE\20201120\accord_jp_tp_pd_asphalt_markings_a95m_mediumlight_cloudywithoutprecipitation_buildingclutter_2_rvs_pedestrian_1-5_na_na_17.19klux_20201120_196.vid,283
I:\VIDEO_DATA\2020_Data\PD\VIDEO\Greyscale\JP_Accord\FE\20201120\accord_jp_tp_pd_asphalt_markings_a95m_mediumlight_cloudywithoutprecipitation_buildingclutter_2_rvs_pedestrian_1-5_na_na_17.19klux_20201120_197.vid,301
I:\VIDEO_DATA\2020_Data\PD\VIDEO\Greyscale\JP_Accord\FE\20201120\accord_jp_tp_pd_asphalt_markings_a95m_mediumlight_cloudywithoutprecipitation_buildingclutter_2_rvs_pedestrian_1-5_na_na_17.19klux_20201120_198.vid,257
I:\VIDEO_DATA\2020_Data\PD\VIDEO\Greyscale\JP_Accord\FE\20201120\accord_jp_tp_pd_asphalt_markings_a95m_mediumlight_cloudywithoutprecipitation_buildingclutter_2_rvs_pedestrian_1-5_na_na_17.19klux_20201120_199.vid,297
I:\VIDEO_DATA\2020_Data\PD\VIDEO\Greyscale\JP_Accord\FE\20201120\accord_jp_tp_pd_asphalt_markings_a95m_mediumlight_cloudywithoutprecipitation_buildingclutter_2_rvs_pedestrian_1-5_na_na_17.19klux_20201120_200.vid,292
I:\VIDEO_DATA\2020_Data\PD\VIDEO\Greyscale\JP_Accord\FE\20201120\accord_jp_tp_pd_asphalt_markings_a95m_mediumlight_cloudywithoutprecipitation_buildingclutter_2_rvs_pedestrian_1-5_na_na_17.19klux_20201120_201.vid,294
I:\VIDEO_DATA\2020_Data\PD\VIDEO\Greyscale\JP_Accord\FE\20201120\accord_jp_tp_pd_asphalt_markings_a95m_mediumlight_cloudywithoutprecipitation_buildingclutter_2_rvs_pedestrian_1-5_na_na_17.19klux_20201120_202.vid,299
I:\VIDEO_DATA\2020_Data\PD\VIDEO\Greyscale\JP_Accord\FE\20201120\accord_jp_tp_pd_asphalt_markings_a95m_mediumlight_cloudywithoutprecipitation_buildingclutter_2_rvs_pedestrian_1-5_na_na_17.19klux_20201120_203.vid,294
I:\VIDEO_DATA\2020_Data\PD\VIDEO\Greyscale\JP_Accord\FE\20201120\accord_jp_tp_pd_asphalt_markings_a95m_mediumlight_cloudywithoutprecipitation_buildingclutter_2_rvs_pedestrian_1-5_na_na_17.19klux_20201120_204.vid,278
I:\VIDEO_DATA\2020_Data\PD\VIDEO\Greyscale\JP_Accord\FE\20201120\accord_jp_tp_pd_asphalt_markings_a95m_mediumlight_cloudywithoutprecipitation_buildingclutter_2_rvs_pedestrian_6-10_na_na_13.5klux_20201120_157.vid,219
I:\VIDEO_DATA\2020_Data\PD\VIDEO\Greyscale\JP_Accord\FE\20201120\accord_jp_tp_pd_asphalt_markings_a95m_mediumlight_cloudywithoutprecipitation_buildingclutter_2_rvs_pedestrian_6-10_na_na_15.3klux_20201120_145.vid,271
I:\VIDEO_DATA\2020_Data\PD\VIDEO\Greyscale\JP_Accord\FE\20201120\accord_jp_tp_pd_asphalt_markings_a95m_mediumlight_cloudywithoutprecipitation_buildingclutter_2_rvs_pedestrian_6-10_na_na_15.3klux_20201120_146.vid,245
I:\VIDEO_DATA\2020_Data\PD\VIDEO\Greyscale\JP_Accord\FE\20201120\accord_jp_tp_pd_asphalt_markings_a95m_mediumlight_cloudywithoutprecipitation_buildingclutter_2_rvs_pedestrian_6-10_na_na_15.3klux_20201120_147.vid,260
I:\VIDEO_DATA\2020_Data\PD\VIDEO\Greyscale\JP_Accord\FE\20201120\accord_jp_tp_pd_asphalt_markings_a95m_mediumlight_cloudywithoutprecipitation_buildingclutter_2_rvs_pedestrian_6-10_na_na_15.3klux_20201120_148.vid,256
I:\VIDEO_DATA\2020_Data\PD\VIDEO\Greyscale\JP_Accord\FE\20201120\accord_jp_tp_pd_asphalt_markings_a95m_mediumlight_cloudywithoutprecipitation_buildingclutter_2_rvs_pedestrian_6-10_na_na_15.3klux_20201120_149.vid,240
I:\VIDEO_DATA\2020_Data\PD\VIDEO\Greyscale\JP_Accord\FE\20201120\accord_jp_tp_pd_asphalt_markings_a95m_mediumlight_cloudywithoutprecipitation_buildingclutter_2_rvs_pedestrian_6-10_na_na_15.3klux_20201120_150.vid,215
I:\VIDEO_DATA\2020_Data\PD\VIDEO\Greyscale\JP_Accord\FE\20201120\accord_jp_tp_pd_asphalt_markings_a95m_mediumlight_cloudywithoutprecipitation_buildingclutter_2_rvs_pedestrian_6-10_na_na_15.3klux_20201120_151.vid,234
I:\VIDEO_DATA\2020_Data\PD\VIDEO\Greyscale\JP_Accord\FE\20201120\accord_jp_tp_pd_asphalt_markings_a95m_mediumlight_cloudywithoutprecipitation_buildingclutter_2_rvs_pedestrian_6-10_na_na_15.3klux_20201120_152.vid,237
I:\VIDEO_DATA\2020_Data\PD\VIDEO\Greyscale\JP_Accord\FE\20201120\accord_jp_tp_pd_asphalt_markings_a95m_mediumlight_cloudywithoutprecipitation_buildingclutter_2_rvs_pedestrian_6-10_na_na_15.3klux_20201120_153.vid,241
I:\VIDEO_DATA\2020_Data\PD\VIDEO\Greyscale\JP_Accord\FE\20201120\accord_jp_tp_pd_asphalt_markings_a95m_mediumlight_cloudywithoutprecipitation_buildingclutter_2_rvs_pedestrian_6-10_na_na_15.3klux_20201120_154.vid,265
I:\VIDEO_DATA\2020_Data\PD\VIDEO\Greyscale\JP_Accord\FE\20201120\accord_jp_tp_pd_asphalt_markings_a95m_mediumlight_cloudywithoutprecipitation_buildingclutter_2_rvs_pedestrian_6-10_na_na_15.3klux_20201120_155.vid,233
I:\VIDEO_DATA\2020_Data\PD\VIDEO\Greyscale\JP_Accord\FE\20201120\accord_jp_tp_pd_asphalt_markings_a95m_mediumlight_cloudywithoutprecipitation_buildingclutter_2_rvs_pedestrian_6-10_na_na_15.3klux_20201120_156.vid,238
I:\VIDEO_DATA\2020_Data\PD\VIDEO\Greyscale\JP_Accord\FE\20201120\accord_jp_tp_pd_asphalt_markings_a95m_mediumlight_cloudywithoutprecipitation_buildingclutter_2_rvs_pedestrian_6-10_na_na_16.95klux_20201120_085.vid,723
I:\VIDEO_DATA\2020_Data\PD\VIDEO\Greyscale\JP_Accord\FE\20201120\accord_jp_tp_pd_asphalt_markings_a95m_mediumlight_cloudywithoutprecipitation_buildingclutter_2_rvs_pedestrian_6-10_na_na_16.95klux_20201120_086.vid,327
I:\VIDEO_DATA\2020_Data\PD\VIDEO\Greyscale\JP_Accord\FE\20201120\accord_jp_tp_pd_asphalt_markings_a95m_mediumlight_cloudywithoutprecipitation_buildingclutter_2_rvs_pedestrian_6-10_na_na_16.95klux_20201120_087.vid,227
I:\VIDEO_DATA\2020_Data\PD\VIDEO\Greyscale\JP_Accord\FE\20201120\accord_jp_tp_pd_asphalt_markings_a95m_mediumlight_cloudywithoutprecipitation_buildingclutter_2_rvs_pedestrian_6-10_na_na_16.95klux_20201120_088.vid,240
I:\VIDEO_DATA\2020_Data\PD\VIDEO\Greyscale\JP_Accord\FE\20201120\accord_jp_tp_pd_asphalt_markings_a95m_mediumlight_cloudywithoutprecipitation_buildingclutter_2_rvs_pedestrian_6-10_na_na_16.95klux_20201120_089.vid,221
I:\VIDEO_DATA\2020_Data\PD\VIDEO\Greyscale\JP_Accord\FE\20201120\accord_jp_tp_pd_asphalt_markings_a95m_mediumlight_cloudywithoutprecipitation_buildingclutter_2_rvs_pedestrian_6-10_na_na_16.95klux_20201120_090.vid,219
I:\VIDEO_DATA\2020_Data\PD\VIDEO\Greyscale\JP_Accord\FE\20201120\accord_jp_tp_pd_asphalt_markings_a95m_mediumlight_cloudywithoutprecipitation_buildingclutter_2_rvs_pedestrian_6-10_na_na_16.95klux_20201120_091.vid,214
I:\VIDEO_DATA\2020_Data\PD\VIDEO\Greyscale\JP_Accord\FE\20201120\accord_jp_tp_pd_asphalt_markings_a95m_mediumlight_cloudywithoutprecipitation_buildingclutter_2_rvs_pedestrian_6-10_na_na_16.95klux_20201120_092.vid,242
I:\VIDEO_DATA\2020_Data\PD\VIDEO\Greyscale\JP_Accord\FE\20201120\accord_jp_tp_pd_asphalt_markings_a95m_mediumlight_cloudywithoutprecipitation_buildingclutter_2_rvs_pedestrian_6-10_na_na_16.95klux_20201120_093.vid,241
I:\VIDEO_DATA\2020_Data\PD\VIDEO\Greyscale\JP_Accord\FE\20201120\accord_jp_tp_pd_asphalt_markings_a95m_mediumlight_cloudywithoutprecipitation_buildingclutter_2_rvs_pedestrian_6-10_na_na_16.95klux_20201120_094.vid,230
I:\VIDEO_DATA\2020_Data\PD\VIDEO\Greyscale\JP_Accord\FE\20201120\accord_jp_tp_pd_asphalt_markings_a95m_mediumlight_cloudywithoutprecipitation_buildingclutter_2_rvs_pedestrian_6-10_na_na_16.95klux_20201120_095.vid,221
I:\VIDEO_DATA\2020_Data\PD\VIDEO\Greyscale\JP_Accord\FE\20201120\accord_jp_tp_pd_asphalt_markings_a95m_mediumlight_cloudywithoutprecipitation_buildingclutter_2_rvs_pedestrian_6-10_na_na_16.95klux_20201120_096.vid,217
I:\VIDEO_DATA\2020_Data\PD\VIDEO\Greyscale\JP_Accord\FE\20201120\accord_jp_tp_pd_asphalt_markings_a95m_mediumlight_cloudywithoutprecipitation_buildingclutter_2_rvs_pedestrian_6-10_na_na_17.1klux_20201120_061.vid,238
I:\VIDEO_DATA\2020_Data\PD\VIDEO\Greyscale\JP_Accord\FE\20201120\accord_jp_tp_pd_asphalt_markings_a95m_mediumlight_cloudywithoutprecipitation_buildingclutter_2_rvs_pedestrian_6-10_na_na_17.1klux_20201120_062.vid,203
I:\VIDEO_DATA\2020_Data\PD\VIDEO\Greyscale\JP_Accord\FE\20201120\accord_jp_tp_pd_asphalt_markings_a95m_mediumlight_cloudywithoutprecipitation_buildingclutter_2_rvs_pedestrian_6-10_na_na_17.1klux_20201120_063.vid,200
I:\VIDEO_DATA\2020_Data\PD\VIDEO\Greyscale\JP_Accord\FE\20201120\accord_jp_tp_pd_asphalt_markings_a95m_mediumlight_cloudywithoutprecipitation_buildingclutter_2_rvs_pedestrian_6-10_na_na_17.1klux_20201120_064.vid,204
I:\VIDEO_DATA\2020_Data\PD\VIDEO\Greyscale\JP_Accord\FE\20201120\accord_jp_tp_pd_asphalt_markings_a95m_mediumlight_cloudywithoutprecipitation_buildingclutter_2_rvs_pedestrian_6-10_na_na_17.1klux_20201120_065.vid,217
I:\VIDEO_DATA\2020_Data\PD\VIDEO\Greyscale\JP_Accord\FE\20201120\accord_jp_tp_pd_asphalt_markings_a95m_mediumlight_cloudywithoutprecipitation_buildingclutter_2_rvs_pedestrian_6-10_na_na_17.1klux_20201120_066.vid,206
I:\VIDEO_DATA\2020_Data\PD\VIDEO\Greyscale\JP_Accord\FE\20201120\accord_jp_tp_pd_asphalt_markings_a95m_mediumlight_cloudywithoutprecipitation_buildingclutter_2_rvs_pedestrian_6-10_na_na_17.1klux_20201120_067.vid,201
I:\VIDEO_DATA\2020_Data\PD\VIDEO\Greyscale\JP_Accord\FE\20201120\accord_jp_tp_pd_asphalt_markings_a95m_mediumlight_cloudywithoutprecipitation_buildingclutter_2_rvs_pedestrian_6-10_na_na_17.1klux_20201120_068.vid,214
I:\VIDEO_DATA\2020_Data\PD\VIDEO\Greyscale\JP_Accord\FE\20201120\accord_jp_tp_pd_asphalt_markings_a95m_mediumlight_cloudywithoutprecipitation_buildingclutter_2_rvs_pedestrian_6-10_na_na_17.1klux_20201120_069.vid,213
I:\VIDEO_DATA\2020_Data\PD\VIDEO\Greyscale\JP_Accord\FE\20201120\accord_jp_tp_pd_asphalt_markings_a95m_mediumlight_cloudywithoutprecipitation_buildingclutter_2_rvs_pedestrian_6-10_na_na_17.1klux_20201120_070.vid,262
I:\VIDEO_DATA\2020_Data\PD\VIDEO\Greyscale\JP_Accord\FE\20201120\accord_jp_tp_pd_asphalt_markings_a95m_mediumlight_cloudywithoutprecipitation_buildingclutter_2_rvs_pedestrian_6-10_na_na_17.1klux_20201120_071.vid,233
I:\VIDEO_DATA\2020_Data\PD\VIDEO\Greyscale\JP_Accord\FE\20201120\accord_jp_tp_pd_asphalt_markings_a95m_mediumlight_cloudywithoutprecipitation_buildingclutter_2_rvs_pedestrian_6-10_na_na_17.1klux_20201120_072.vid,249
I:\VIDEO_DATA\2020_Data\PD\VIDEO\Greyscale\JP_Accord\FE\20201120\accord_jp_tp_pd_asphalt_markings_a95m_mediumlight_cloudywithoutprecipitation_buildingclutter_2_rvs_pedestrian_6-10_na_na_17klux_20201120_073.vid,242
I:\VIDEO_DATA\2020_Data\PD\VIDEO\Greyscale\JP_Accord\FE\20201120\accord_jp_tp_pd_asphalt_markings_a95m_mediumlight_cloudywithoutprecipitation_buildingclutter_2_rvs_pedestrian_6-10_na_na_17klux_20201120_074.vid,241
I:\VIDEO_DATA\2020_Data\PD\VIDEO\Greyscale\JP_Accord\FE\20201120\accord_jp_tp_pd_asphalt_markings_a95m_mediumlight_cloudywithoutprecipitation_buildingclutter_2_rvs_pedestrian_6-10_na_na_17klux_20201120_075.vid,240
I:\VIDEO_DATA\2020_Data\PD\VIDEO\Greyscale\JP_Accord\FE\20201120\accord_jp_tp_pd_asphalt_markings_a95m_mediumlight_cloudywithoutprecipitation_buildingclutter_2_rvs_pedestrian_6-10_na_na_17klux_20201120_076.vid,241
I:\VIDEO_DATA\2020_Data\PD\VIDEO\Greyscale\JP_Accord\FE\20201120\accord_jp_tp_pd_asphalt_markings_a95m_mediumlight_cloudywithoutprecipitation_buildingclutter_2_rvs_pedestrian_6-10_na_na_17klux_20201120_077.vid,280
I:\VIDEO_DATA\2020_Data\PD\VIDEO\Greyscale\JP_Accord\FE\20201120\accord_jp_tp_pd_asphalt_markings_a95m_mediumlight_cloudywithoutprecipitation_buildingclutter_2_rvs_pedestrian_6-10_na_na_17klux_20201120_078.vid,304
I:\VIDEO_DATA\2020_Data\PD\VIDEO\Greyscale\JP_Accord\FE\20201120\accord_jp_tp_pd_asphalt_markings_a95m_mediumlight_cloudywithoutprecipitation_buildingclutter_2_rvs_pedestrian_6-10_na_na_17klux_20201120_079.vid,226
I:\VIDEO_DATA\2020_Data\PD\VIDEO\Greyscale\JP_Accord\FE\20201120\accord_jp_tp_pd_asphalt_markings_a95m_mediumlight_cloudywithoutprecipitation_buildingclutter_2_rvs_pedestrian_6-10_na_na_17klux_20201120_080.vid,210
I:\VIDEO_DATA\2020_Data\PD\VIDEO\Greyscale\JP_Accord\FE\20201120\accord_jp_tp_pd_asphalt_markings_a95m_mediumlight_cloudywithoutprecipitation_buildingclutter_2_rvs_pedestrian_6-10_na_na_17klux_20201120_081.vid,228
I:\VIDEO_DATA\2020_Data\PD\VIDEO\Greyscale\JP_Accord\FE\20201120\accord_jp_tp_pd_asphalt_markings_a95m_mediumlight_cloudywithoutprecipitation_buildingclutter_2_rvs_pedestrian_6-10_na_na_17klux_20201120_082.vid,234
I:\VIDEO_DATA\2020_Data\PD\VIDEO\Greyscale\JP_Accord\FE\20201120\accord_jp_tp_pd_asphalt_markings_a95m_mediumlight_cloudywithoutprecipitation_buildingclutter_2_rvs_pedestrian_6-10_na_na_17klux_20201120_083.vid,241
I:\VIDEO_DATA\2020_Data\PD\VIDEO\Greyscale\JP_Accord\FE\20201120\accord_jp_tp_pd_asphalt_markings_a95m_mediumlight_cloudywithoutprecipitation_buildingclutter_2_rvs_pedestrian_6-10_na_na_17klux_20201120_084.vid,260
,117886
