I:\VIDEO_DATA\D2G1700_OD\VIDEOs\JP_Accord\LiDAR_Annotated\NewProvingGround_Sept2020\20200917_PG_Test\20200917_006.vid,245
I:\VIDEO_DATA\D2G1700_OD\VIDEOs\JP_Accord\LiDAR_Annotated\NewProvingGround_Sept2020\20200917_PG_Test\20200917_007.vid,290
I:\VIDEO_DATA\D2G1700_OD\VIDEOs\JP_Accord\LiDAR_Annotated\NewProvingGround_Sept2020\20200917_PG_Test\20200917_008.vid,235
I:\VIDEO_DATA\D2G1700_OD\VIDEOs\JP_Accord\LiDAR_Annotated\NewProvingGround_Sept2020\20200917_PG_Test\20200917_009.vid,235
I:\VIDEO_DATA\D2G1700_OD\VIDEOs\JP_Accord\LiDAR_Annotated\NewProvingGround_Sept2020\20200917_PG_Test\20200917_010.vid,217
I:\VIDEO_DATA\D2G1700_OD\VIDEOs\JP_Accord\LiDAR_Annotated\NewProvingGround_Sept2020\20200917_PG_Test\20200917_011.vid,283
I:\VIDEO_DATA\D2G1700_OD\VIDEOs\JP_Accord\LiDAR_Annotated\NewProvingGround_Sept2020\20200917_PG_Test\20200917_012.vid,241
I:\VIDEO_DATA\D2G1700_OD\VIDEOs\JP_Accord\LiDAR_Annotated\NewProvingGround_Sept2020\20200917_PG_Test\20200917_013.vid,235
I:\VIDEO_DATA\D2G1700_OD\VIDEOs\JP_Accord\LiDAR_Annotated\NewProvingGround_Sept2020\20200917_PG_Test\20200917_014.vid,222
I:\VIDEO_DATA\D2G1700_OD\VIDEOs\JP_Accord\LiDAR_Annotated\NewProvingGround_Sept2020\20200917_PG_Test\20200917_015.vid,296
I:\VIDEO_DATA\D2G1700_OD\VIDEOs\JP_Accord\LiDAR_Annotated\NewProvingGround_Sept2020\20200917_PG_Test\20200917_016.vid,298
I:\VIDEO_DATA\D2G1700_OD\VIDEOs\JP_Accord\LiDAR_Annotated\NewProvingGround_Sept2020\20200917_PG_Test\20200917_017.vid,240
I:\VIDEO_DATA\D2G1700_OD\VIDEOs\JP_Accord\LiDAR_Annotated\NewProvingGround_Sept2020\20200917_PG_Test\20200917_018.vid,238
I:\VIDEO_DATA\D2G1700_OD\VIDEOs\JP_Accord\LiDAR_Annotated\NewProvingGround_Sept2020\20200917_PG_Test\20200917_019.vid,291
I:\VIDEO_DATA\D2G1700_OD\VIDEOs\JP_Accord\LiDAR_Annotated\NewProvingGround_Sept2020\20200917_PG_Test\20200917_020.vid,226
I:\VIDEO_DATA\D2G1700_OD\VIDEOs\JP_Accord\LiDAR_Annotated\NewProvingGround_Sept2020\20200921_PG_Test\20200921_001.vid,523
I:\VIDEO_DATA\D2G1700_OD\VIDEOs\JP_Accord\LiDAR_Annotated\NewProvingGround_Sept2020\20200921_PG_Test\20200921_003.vid,565
I:\VIDEO_DATA\D2G1700_OD\VIDEOs\JP_Accord\LiDAR_Annotated\NewProvingGround_Sept2020\20200921_PG_Test\20200921_004.vid,543
I:\VIDEO_DATA\D2G1700_OD\VIDEOs\JP_Accord\LiDAR_Annotated\NewProvingGround_Sept2020\20200921_PG_Test\20200921_005.vid,416
I:\VIDEO_DATA\D2G1700_OD\VIDEOs\JP_Accord\LiDAR_Annotated\NewProvingGround_Sept2020\20200921_PG_Test\20200921_006.vid,337
I:\VIDEO_DATA\D2G1700_OD\VIDEOs\JP_Accord\LiDAR_Annotated\NewProvingGround_Sept2020\20200921_PG_Test\20200921_051.vid,619
I:\VIDEO_DATA\D2G1700_OD\VIDEOs\JP_Accord\LiDAR_Annotated\NewProvingGround_Sept2020\20200921_PG_Test\20200921_052.vid,465
I:\VIDEO_DATA\D2G1700_OD\VIDEOs\JP_Accord\LiDAR_Annotated\NewProvingGround_Sept2020\20200921_PG_Test\20200921_053.vid,406
I:\VIDEO_DATA\D2G1700_OD\VIDEOs\JP_Accord\LiDAR_Annotated\NewProvingGround_Sept2020\20200921_PG_Test\20200921_054.vid,403
I:\VIDEO_DATA\D2G1700_OD\VIDEOs\JP_Accord\LiDAR_Annotated\NewProvingGround_Sept2020\20200921_PG_Test\20200921_055.vid,384
I:\VIDEO_DATA\D2G1700_OD\VIDEOs\JP_Accord\LiDAR_Annotated\NewProvingGround_Sept2020\20200921_PG_Test\20200921_057.vid,408
I:\VIDEO_DATA\D2G1700_OD\VIDEOs\JP_Accord\LiDAR_Annotated\NewProvingGround_Sept2020\20200921_PG_Test\20200921_058.vid,394
I:\VIDEO_DATA\D2G1700_OD\VIDEOs\JP_Accord\LiDAR_Annotated\NewProvingGround_Sept2020\20200921_PG_Test\20200921_059.vid,420
I:\VIDEO_DATA\D2G1700_OD\VIDEOs\JP_Accord\LiDAR_Annotated\NewProvingGround_Sept2020\20200921_PG_Test\20200921_060.vid,418
I:\VIDEO_DATA\D2G1700_OD\VIDEOs\JP_Accord\LiDAR_Annotated\NewProvingGround_Sept2020\20200921_PG_Test\20200921_061.vid,364
I:\VIDEO_DATA\D2G1700_OD\VIDEOs\JP_Accord\LiDAR_Annotated\NewProvingGround_Sept2020\20200921_PG_Test\20200921_063.vid,387
I:\VIDEO_DATA\D2G1700_OD\VIDEOs\JP_Accord\LiDAR_Annotated\NewProvingGround_Sept2020\20200921_PG_Test\20200921_064.vid,327
I:\VIDEO_DATA\D2G1700_OD\VIDEOs\JP_Accord\LiDAR_Annotated\NewProvingGround_Sept2020\20200921_PG_Test\20200921_065.vid,349
I:\VIDEO_DATA\D2G1700_OD\VIDEOs\JP_Accord\LiDAR_Annotated\NewProvingGround_Sept2020\20200921_PG_Test\20200921_066.vid,359
I:\VIDEO_DATA\D2G1700_OD\VIDEOs\JP_Accord\LiDAR_Annotated\NewProvingGround_Sept2020\20200921_PG_Test\20200921_067.vid,388
I:\VIDEO_DATA\D2G1700_OD\VIDEOs\JP_Accord\LiDAR_Annotated\NewProvingGround_Sept2020\20200921_PG_Test\20200921_069.vid,383
I:\VIDEO_DATA\D2G1700_OD\VIDEOs\JP_Accord\LiDAR_Annotated\NewProvingGround_Sept2020\20200921_PG_Test\20200921_070.vid,379
I:\VIDEO_DATA\D2G1700_OD\VIDEOs\JP_Accord\LiDAR_Annotated\NewProvingGround_Sept2020\20200921_PG_Test\20200921_072.vid,342
I:\VIDEO_DATA\D2G1700_OD\VIDEOs\JP_Accord\LiDAR_Annotated\NewProvingGround_Sept2020\20200921_PG_Test\20200921_073.vid,361
I:\VIDEO_DATA\D2G1700_OD\VIDEOs\JP_Accord\LiDAR_Annotated\NewProvingGround_Sept2020\20200921_PG_Test\20200921_074.vid,338
I:\VIDEO_DATA\D2G1700_OD\VIDEOs\JP_Accord\LiDAR_Annotated\NewProvingGround_Sept2020\20200921_PG_Test\20200921_075.vid,341
I:\VIDEO_DATA\D2G1700_OD\VIDEOs\JP_Accord\LiDAR_Annotated\NewProvingGround_Sept2020\20200921_PG_Test\20200921_077.vid,359
I:\VIDEO_DATA\D2G1700_OD\VIDEOs\JP_Accord\LiDAR_Annotated\NewProvingGround_Sept2020\20200921_PG_Test\20200921_078.vid,322
I:\VIDEO_DATA\D2G1700_OD\VIDEOs\JP_Accord\LiDAR_Annotated\NewProvingGround_Sept2020\20200921_PG_Test\20200921_080.vid,340
I:\VIDEO_DATA\D2G1700_OD\VIDEOs\JP_Accord\LiDAR_Annotated\NewProvingGround_Sept2020\20200921_PG_Test\20200921_081.vid,370
I:\VIDEO_DATA\D2G1700_OD\VIDEOs\JP_Accord\LiDAR_Annotated\NewProvingGround_Sept2020\20200921_PG_Test\20200921_082.vid,371
I:\VIDEO_DATA\D2G1700_OD\VIDEOs\JP_Accord\LiDAR_Annotated\NewProvingGround_Sept2020\20200921_PG_Test\20200921_084.vid,364
I:\VIDEO_DATA\D2G1700_OD\VIDEOs\JP_Accord\LiDAR_Annotated\NewProvingGround_Sept2020\20200921_PG_Test\20200921_085.vid,345
I:\VIDEO_DATA\D2G1700_OD\VIDEOs\JP_Accord\LiDAR_Annotated\NewProvingGround_Sept2020\20200921_PG_Test\20200921_086.vid,279
I:\VIDEO_DATA\D2G1700_OD\VIDEOs\JP_Accord\LiDAR_Annotated\NewProvingGround_Sept2020\20200922_PG_Test\20200922_002.vid,614
I:\VIDEO_DATA\D2G1700_OD\VIDEOs\JP_Accord\LiDAR_Annotated\NewProvingGround_Sept2020\20200922_PG_Test\20200922_003.vid,745
I:\VIDEO_DATA\D2G1700_OD\VIDEOs\JP_Accord\LiDAR_Annotated\NewProvingGround_Sept2020\20200922_PG_Test\20200922_004.vid,700
I:\VIDEO_DATA\D2G1700_OD\VIDEOs\JP_Accord\LiDAR_Annotated\NewProvingGround_Sept2020\20200922_PG_Test\20200922_005.vid,698
I:\VIDEO_DATA\D2G1700_OD\VIDEOs\JP_Accord\LiDAR_Annotated\NewProvingGround_Sept2020\20200922_PG_Test\20200922_006.vid,676
I:\VIDEO_DATA\D2G1700_OD\VIDEOs\JP_Accord\LiDAR_Annotated\NewProvingGround_Sept2020\20200922_PG_Test\20200922_017.vid,508
I:\VIDEO_DATA\D2G1700_OD\VIDEOs\JP_Accord\LiDAR_Annotated\NewProvingGround_Sept2020\20200922_PG_Test\20200922_018.vid,582
I:\VIDEO_DATA\D2G1700_OD\VIDEOs\JP_Accord\LiDAR_Annotated\NewProvingGround_Sept2020\20200922_PG_Test\20200922_020.vid,579
I:\VIDEO_DATA\D2G1700_OD\VIDEOs\JP_Accord\LiDAR_Annotated\NewProvingGround_Sept2020\20200922_PG_Test\20200922_021.vid,845
I:\VIDEO_DATA\D2G1700_OD\VIDEOs\JP_Accord\LiDAR_Annotated\NewProvingGround_Sept2020\20200922_PG_Test\20200922_022.vid,629
I:\VIDEO_DATA\D2G1700_OD\VIDEOs\JP_Accord\LiDAR_Annotated\NewProvingGround_Sept2020\20200922_PG_Test\20200922_023.vid,360
I:\VIDEO_DATA\D2G1700_OD\VIDEOs\JP_Accord\LiDAR_Annotated\NewProvingGround_Sept2020\20200922_PG_Test\20200922_026.vid,378
I:\VIDEO_DATA\D2G1700_OD\VIDEOs\JP_Accord\LiDAR_Annotated\NewProvingGround_Sept2020\20200922_PG_Test\20200922_027.vid,473
I:\VIDEO_DATA\D2G1700_OD\VIDEOs\JP_Accord\LiDAR_Annotated\NewProvingGround_Sept2020\20200922_PG_Test\20200922_029.vid,337
I:\VIDEO_DATA\D2G1700_OD\VIDEOs\JP_Accord\LiDAR_Annotated\NewProvingGround_Sept2020\20200922_PG_Test\20200922_030.vid,314
I:\VIDEO_DATA\D2G1700_OD\VIDEOs\JP_Accord\LiDAR_Annotated\NewProvingGround_Sept2020\20200922_PG_Test\20200922_031.vid,413
I:\VIDEO_DATA\D2G1700_OD\VIDEOs\JP_Accord\LiDAR_Annotated\NewProvingGround_Sept2020\20200922_PG_Test\20200922_032.vid,372
I:\VIDEO_DATA\D2G1700_OD\VIDEOs\JP_Accord\LiDAR_Annotated\NewProvingGround_Sept2020\20200922_PG_Test\20200922_033.vid,353
I:\VIDEO_DATA\D2G1700_OD\VIDEOs\JP_Accord\LiDAR_Annotated\NewProvingGround_Sept2020\20200922_PG_Test\20200922_035.vid,378
I:\VIDEO_DATA\D2G1700_OD\VIDEOs\JP_Accord\LiDAR_Annotated\NewProvingGround_Sept2020\20200922_PG_Test\20200922_036.vid,401
I:\VIDEO_DATA\D2G1700_OD\VIDEOs\JP_Accord\LiDAR_Annotated\NewProvingGround_Sept2020\20200922_PG_Test\20200922_040.vid,476
I:\VIDEO_DATA\D2G1700_OD\VIDEOs\JP_Accord\LiDAR_Annotated\NewProvingGround_Sept2020\20200922_PG_Test\20200922_041.vid,488
I:\VIDEO_DATA\D2G1700_OD\VIDEOs\JP_Accord\LiDAR_Annotated\NewProvingGround_Sept2020\20200922_PG_Test\20200922_044.vid,390
I:\VIDEO_DATA\D2G1700_OD\VIDEOs\JP_Accord\LiDAR_Annotated\NewProvingGround_Sept2020\20200922_PG_Test\20200922_045.vid,430
I:\VIDEO_DATA\D2G1700_OD\VIDEOs\JP_Accord\LiDAR_Annotated\NewProvingGround_Sept2020\20200922_PG_Test\20200922_046.vid,532
I:\VIDEO_DATA\D2G1700_OD\VIDEOs\JP_Accord\LiDAR_Annotated\NewProvingGround_Sept2020\20200922_PG_Test\20200922_048.vid,435
I:\VIDEO_DATA\D2G1700_OD\VIDEOs\JP_Accord\LiDAR_Annotated\NewProvingGround_Sept2020\20200922_PG_Test\20200922_049.vid,427
I:\VIDEO_DATA\D2G1700_OD\VIDEOs\JP_Accord\LiDAR_Annotated\NewProvingGround_Sept2020\20200922_PG_Test\20200922_050.vid,454
I:\VIDEO_DATA\D2G1700_OD\VIDEOs\JP_Accord\LiDAR_Annotated\NewProvingGround_Sept2020\20200922_PG_Test\20200922_051.vid,450
I:\VIDEO_DATA\D2G1700_OD\VIDEOs\JP_Accord\LiDAR_Annotated\NewProvingGround_Sept2020\20200922_PG_Test\20200922_052.vid,446
I:\VIDEO_DATA\D2G1700_OD\VIDEOs\JP_Accord\LiDAR_Annotated\NewProvingGround_Sept2020\20200922_PG_Test\20200922_055.vid,395
I:\VIDEO_DATA\D2G1700_OD\VIDEOs\JP_Accord\LiDAR_Annotated\NewProvingGround_Sept2020\20200922_PG_Test\20200922_056.vid,326
I:\VIDEO_DATA\D2G1700_OD\VIDEOs\JP_Accord\LiDAR_Annotated\NewProvingGround_Sept2020\20200922_PG_Test\20200922_059.vid,393
I:\VIDEO_DATA\D2G1700_OD\VIDEOs\JP_Accord\LiDAR_Annotated\NewProvingGround_Sept2020\20200922_PG_Test\20200922_060.vid,390
I:\VIDEO_DATA\D2G1700_OD\VIDEOs\JP_Accord\LiDAR_Annotated\NewProvingGround_Sept2020\20200922_PG_Test\20200922_061.vid,314
I:\VIDEO_DATA\D2G1700_OD\VIDEOs\JP_Accord\LiDAR_Annotated\NewProvingGround_Sept2020\20200922_PG_Test\20200922_062.vid,315
I:\VIDEO_DATA\D2G1700_OD\VIDEOs\JP_Accord\LiDAR_Annotated\NewProvingGround_Sept2020\20200922_PG_Test\20200922_063.vid,310
I:\VIDEO_DATA\D2G1700_OD\VIDEOs\JP_Accord\LiDAR_Annotated\NewProvingGround_Sept2020\20200922_PG_Test\20200922_064.vid,292
I:\VIDEO_DATA\D2G1700_OD\VIDEOs\JP_Accord\LiDAR_Annotated\NewProvingGround_Sept2020\20200922_PG_Test\20200922_065.vid,366
I:\VIDEO_DATA\D2G1700_OD\VIDEOs\JP_Accord\LiDAR_Annotated\NewProvingGround_Sept2020\20200922_PG_Test\20200922_066.vid,341
I:\VIDEO_DATA\D2G1700_OD\VIDEOs\JP_Accord\LiDAR_Annotated\NewProvingGround_Sept2020\20200922_PG_Test\20200922_069.vid,302
I:\VIDEO_DATA\D2G1700_OD\VIDEOs\JP_Accord\LiDAR_Annotated\NewProvingGround_Sept2020\20200922_PG_Test\20200922_070.vid,296
I:\VIDEO_DATA\D2G1700_OD\VIDEOs\JP_Accord\LiDAR_Annotated\NewProvingGround_Sept2020\20200922_PG_Test\20200922_071.vid,328
I:\VIDEO_DATA\D2G1700_OD\VIDEOs\JP_Accord\LiDAR_Annotated\NewProvingGround_Sept2020\20200922_PG_Test\20200922_073.vid,282
I:\VIDEO_DATA\D2G1700_OD\VIDEOs\JP_Accord\LiDAR_Annotated\NewProvingGround_Sept2020\20200922_PG_Test\20200922_074.vid,374
I:\VIDEO_DATA\D2G1700_OD\VIDEOs\JP_Accord\LiDAR_Annotated\NewProvingGround_Sept2020\20200922_PG_Test\20200922_076.vid,415
I:\VIDEO_DATA\D2G1700_OD\VIDEOs\JP_Accord\LiDAR_Annotated\NewProvingGround_Sept2020\20200922_PG_Test\20200922_077.vid,540
I:\VIDEO_DATA\D2G1700_OD\VIDEOs\JP_Accord\LiDAR_Annotated\NewProvingGround_Sept2020\20200922_PG_Test\20200922_078.vid,401
I:\VIDEO_DATA\D2G1700_OD\VIDEOs\JP_Accord\LiDAR_Annotated\NewProvingGround_Sept2020\20200922_PG_Test\20200922_079.vid,361
I:\VIDEO_DATA\D2G1700_OD\VIDEOs\JP_Accord\LiDAR_Annotated\NewProvingGround_Sept2020\20200922_PG_Test\20200922_080.vid,369
I:\VIDEO_DATA\D2G1700_OD\VIDEOs\JP_Accord\LiDAR_Annotated\NewProvingGround_Sept2020\20200922_PG_Test\20200922_083.vid,491
I:\VIDEO_DATA\D2G1700_OD\VIDEOs\JP_Accord\LiDAR_Annotated\NewProvingGround_Sept2020\20200922_PG_Test\20200922_084.vid,398
I:\VIDEO_DATA\D2G1700_OD\VIDEOs\JP_Accord\LiDAR_Annotated\NewProvingGround_Sept2020\20200922_PG_Test\20200922_085.vid,419
I:\VIDEO_DATA\D2G1700_OD\VIDEOs\JP_Accord\LiDAR_Annotated\NewProvingGround_Sept2020\20200922_PG_Test\20200922_086.vid,440
I:\VIDEO_DATA\D2G1700_OD\VIDEOs\JP_Accord\LiDAR_Annotated\NewProvingGround_Sept2020\20200922_PG_Test\20200922_087.vid,431
I:\VIDEO_DATA\D2G1700_OD\VIDEOs\JP_Accord\LiDAR_Annotated\NewProvingGround_Sept2020\20200923_PG_test\20200923_003.vid,532
I:\VIDEO_DATA\D2G1700_OD\VIDEOs\JP_Accord\LiDAR_Annotated\NewProvingGround_Sept2020\20200923_PG_test\20200923_004.vid,526
I:\VIDEO_DATA\D2G1700_OD\VIDEOs\JP_Accord\LiDAR_Annotated\NewProvingGround_Sept2020\20200923_PG_test\20200923_005.vid,536
I:\VIDEO_DATA\D2G1700_OD\VIDEOs\JP_Accord\LiDAR_Annotated\NewProvingGround_Sept2020\20200923_PG_test\20200923_006.vid,529
I:\VIDEO_DATA\D2G1700_OD\VIDEOs\JP_Accord\LiDAR_Annotated\NewProvingGround_Sept2020\20200923_PG_test\20200923_007.vid,514
I:\VIDEO_DATA\D2G1700_OD\VIDEOs\JP_Accord\LiDAR_Annotated\NewProvingGround_Sept2020\20200923_PG_test\20200923_008.vid,267
I:\VIDEO_DATA\D2G1700_OD\VIDEOs\JP_Accord\LiDAR_Annotated\NewProvingGround_Sept2020\20200923_PG_test\20200923_009.vid,311
I:\VIDEO_DATA\D2G1700_OD\VIDEOs\JP_Accord\LiDAR_Annotated\NewProvingGround_Sept2020\20200923_PG_test\20200923_010.vid,327
I:\VIDEO_DATA\D2G1700_OD\VIDEOs\JP_Accord\LiDAR_Annotated\NewProvingGround_Sept2020\20200923_PG_test\20200923_011.vid,313
I:\VIDEO_DATA\D2G1700_OD\VIDEOs\JP_Accord\LiDAR_Annotated\NewProvingGround_Sept2020\20200923_PG_test\20200923_012.vid,312
I:\VIDEO_DATA\D2G1700_OD\VIDEOs\JP_Accord\LiDAR_Annotated\NewProvingGround_Sept2020\20200923_PG_test\20200923_013.vid,484
I:\VIDEO_DATA\D2G1700_OD\VIDEOs\JP_Accord\LiDAR_Annotated\NewProvingGround_Sept2020\20200923_PG_test\20200923_014.vid,516
I:\VIDEO_DATA\D2G1700_OD\VIDEOs\JP_Accord\LiDAR_Annotated\NewProvingGround_Sept2020\20200923_PG_test\20200923_015.vid,535
I:\VIDEO_DATA\D2G1700_OD\VIDEOs\JP_Accord\LiDAR_Annotated\NewProvingGround_Sept2020\20200923_PG_test\20200923_016.vid,501
I:\VIDEO_DATA\D2G1700_OD\VIDEOs\JP_Accord\LiDAR_Annotated\NewProvingGround_Sept2020\20200923_PG_test\20200923_017.vid,537
I:\VIDEO_DATA\D2G1700_OD\VIDEOs\JP_Accord\LiDAR_Annotated\NewProvingGround_Sept2020\20200923_PG_test\20200923_019.vid,357
I:\VIDEO_DATA\D2G1700_OD\VIDEOs\JP_Accord\LiDAR_Annotated\NewProvingGround_Sept2020\20200923_PG_test\20200923_020.vid,291
I:\VIDEO_DATA\D2G1700_OD\VIDEOs\JP_Accord\LiDAR_Annotated\NewProvingGround_Sept2020\20200923_PG_test\20200923_021.vid,321
I:\VIDEO_DATA\D2G1700_OD\VIDEOs\JP_Accord\LiDAR_Annotated\NewProvingGround_Sept2020\20200923_PG_test\20200923_022.vid,300
I:\VIDEO_DATA\D2G1700_OD\VIDEOs\JP_Accord\LiDAR_Annotated\NewProvingGround_Sept2020\20200923_PG_test\20200923_023.vid,281
I:\VIDEO_DATA\D2G1700_OD\VIDEOs\JP_Accord\LiDAR_Annotated\NewProvingGround_Sept2020\20200923_PG_test\20200923_024.vid,501
I:\VIDEO_DATA\D2G1700_OD\VIDEOs\JP_Accord\LiDAR_Annotated\NewProvingGround_Sept2020\20200923_PG_test\20200923_025.vid,515
I:\VIDEO_DATA\D2G1700_OD\VIDEOs\JP_Accord\LiDAR_Annotated\NewProvingGround_Sept2020\20200923_PG_test\20200923_026.vid,508
I:\VIDEO_DATA\D2G1700_OD\VIDEOs\JP_Accord\LiDAR_Annotated\NewProvingGround_Sept2020\20200923_PG_test\20200923_027.vid,534
I:\VIDEO_DATA\D2G1700_OD\VIDEOs\JP_Accord\LiDAR_Annotated\NewProvingGround_Sept2020\20200923_PG_test\20200923_028.vid,513
I:\VIDEO_DATA\D2G1700_OD\VIDEOs\JP_Accord\LiDAR_Annotated\NewProvingGround_Sept2020\20200923_PG_test\20200923_029.vid,343
I:\VIDEO_DATA\D2G1700_OD\VIDEOs\JP_Accord\LiDAR_Annotated\NewProvingGround_Sept2020\20200923_PG_test\20200923_030.vid,373
I:\VIDEO_DATA\D2G1700_OD\VIDEOs\JP_Accord\LiDAR_Annotated\NewProvingGround_Sept2020\20200923_PG_test\20200923_031.vid,347
I:\VIDEO_DATA\D2G1700_OD\VIDEOs\JP_Accord\LiDAR_Annotated\NewProvingGround_Sept2020\20200923_PG_test\20200923_032.vid,313
I:\VIDEO_DATA\D2G1700_OD\VIDEOs\JP_Accord\LiDAR_Annotated\NewProvingGround_Sept2020\20200923_PG_test\20200923_033.vid,332
I:\VIDEO_DATA\D2G1700_OD\VIDEOs\JP_Accord\LiDAR_Annotated\NewProvingGround_Sept2020\20200923_PG_test\20200923_034.vid,275
I:\VIDEO_DATA\D2G1700_OD\VIDEOs\JP_Accord\LiDAR_Annotated\NewProvingGround_Sept2020\20200923_PG_test\20200923_035.vid,315
I:\VIDEO_DATA\D2G1700_OD\VIDEOs\JP_Accord\LiDAR_Annotated\NewProvingGround_Sept2020\20200923_PG_test\20200923_036.vid,316
I:\VIDEO_DATA\D2G1700_OD\VIDEOs\JP_Accord\LiDAR_Annotated\NewProvingGround_Sept2020\20200923_PG_test\20200923_037.vid,318
I:\VIDEO_DATA\D2G1700_OD\VIDEOs\JP_Accord\LiDAR_Annotated\NewProvingGround_Sept2020\20200923_PG_test\20200923_038.vid,321
I:\VIDEO_DATA\D2G1700_OD\VIDEOs\JP_Accord\LiDAR_Annotated\NewProvingGround_Sept2020\20200923_PG_test\20200923_039.vid,401
I:\VIDEO_DATA\D2G1700_OD\VIDEOs\JP_Accord\LiDAR_Annotated\NewProvingGround_Sept2020\20200923_PG_test\20200923_040.vid,426
I:\VIDEO_DATA\D2G1700_OD\VIDEOs\JP_Accord\LiDAR_Annotated\NewProvingGround_Sept2020\20200923_PG_test\20200923_041.vid,410
I:\VIDEO_DATA\D2G1700_OD\VIDEOs\JP_Accord\LiDAR_Annotated\NewProvingGround_Sept2020\20200923_PG_test\20200923_042.vid,433
I:\VIDEO_DATA\D2G1700_OD\VIDEOs\JP_Accord\LiDAR_Annotated\NewProvingGround_Sept2020\20200923_PG_test\20200923_043.vid,436
I:\VIDEO_DATA\D2G1700_OD\VIDEOs\JP_Accord\LiDAR_Annotated\NewProvingGround_Sept2020\20200923_PG_test\20200923_045.vid,436
I:\VIDEO_DATA\D2G1700_OD\VIDEOs\JP_Accord\LiDAR_Annotated\NewProvingGround_Sept2020\20200923_PG_test\20200923_046.vid,441
I:\VIDEO_DATA\D2G1700_OD\VIDEOs\JP_Accord\LiDAR_Annotated\NewProvingGround_Sept2020\20200923_PG_test\20200923_047.vid,462
I:\VIDEO_DATA\D2G1700_OD\VIDEOs\JP_Accord\LiDAR_Annotated\NewProvingGround_Sept2020\20200923_PG_test\20200923_048.vid,438
I:\VIDEO_DATA\D2G1700_OD\VIDEOs\JP_Accord\LiDAR_Annotated\NewProvingGround_Sept2020\20200923_PG_test\20200923_049.vid,500
I:\VIDEO_DATA\D2G1700_OD\VIDEOs\JP_Accord\LiDAR_Annotated\NewProvingGround_Sept2020\20200923_PG_test\20200923_050.vid,339
I:\VIDEO_DATA\D2G1700_OD\VIDEOs\JP_Accord\LiDAR_Annotated\NewProvingGround_Sept2020\20200923_PG_test\20200923_051.vid,349
I:\VIDEO_DATA\D2G1700_OD\VIDEOs\JP_Accord\LiDAR_Annotated\NewProvingGround_Sept2020\20200923_PG_test\20200923_052.vid,347
I:\VIDEO_DATA\D2G1700_OD\VIDEOs\JP_Accord\LiDAR_Annotated\NewProvingGround_Sept2020\20200923_PG_test\20200923_053.vid,351
I:\VIDEO_DATA\D2G1700_OD\VIDEOs\JP_Accord\LiDAR_Annotated\NewProvingGround_Sept2020\20200923_PG_test\20200923_054.vid,330
I:\VIDEO_DATA\D2G1700_OD\VIDEOs\JP_Accord\LiDAR_Annotated\NewProvingGround_Sept2020\20200923_PG_test\20200923_055.vid,338
I:\VIDEO_DATA\D2G1700_OD\VIDEOs\JP_Accord\LiDAR_Annotated\NewProvingGround_Sept2020\20200923_PG_test\20200923_056.vid,353
I:\VIDEO_DATA\D2G1700_OD\VIDEOs\JP_Accord\LiDAR_Annotated\NewProvingGround_Sept2020\20200923_PG_test\20200923_057.vid,524
I:\VIDEO_DATA\D2G1700_OD\VIDEOs\JP_Accord\LiDAR_Annotated\NewProvingGround_Sept2020\20200923_PG_test\20200923_058.vid,339
I:\VIDEO_DATA\D2G1700_OD\VIDEOs\JP_Accord\LiDAR_Annotated\NewProvingGround_Sept2020\20200923_PG_test\20200923_059.vid,364
I:\VIDEO_DATA\D2G1700_OD\VIDEOs\JP_Accord\LiDAR_Annotated\NewProvingGround_Sept2020\20200923_PG_test\20200923_061.vid,373
I:\VIDEO_DATA\D2G1700_OD\VIDEOs\JP_Accord\LiDAR_Annotated\NewProvingGround_Sept2020\20200923_PG_test\20200923_062.vid,326
I:\VIDEO_DATA\D2G1700_OD\VIDEOs\JP_Accord\LiDAR_Annotated\NewProvingGround_Sept2020\20200923_PG_test\20200923_063.vid,359
I:\VIDEO_DATA\D2G1700_OD\VIDEOs\JP_Accord\LiDAR_Annotated\NewProvingGround_Sept2020\20200923_PG_test\20200923_064.vid,355
I:\VIDEO_DATA\D2G1700_OD\VIDEOs\JP_Accord\LiDAR_Annotated\NewProvingGround_Sept2020\20200923_PG_test\20200923_065.vid,528
I:\VIDEO_DATA\D2G1700_OD\VIDEOs\JP_Accord\LiDAR_Annotated\NewProvingGround_Sept2020\20200923_PG_test\20200923_067.vid,324
I:\VIDEO_DATA\D2G1700_OD\VIDEOs\JP_Accord\LiDAR_Annotated\NewProvingGround_Sept2020\20200923_PG_test\20200923_068.vid,381
I:\VIDEO_DATA\D2G1700_OD\VIDEOs\JP_Accord\LiDAR_Annotated\NewProvingGround_Sept2020\20200923_PG_test\20200923_069.vid,335
I:\VIDEO_DATA\D2G1700_OD\VIDEOs\JP_Accord\LiDAR_Annotated\NewProvingGround_Sept2020\20200923_PG_test\20200923_070.vid,363
I:\VIDEO_DATA\D2G1700_OD\VIDEOs\JP_Accord\LiDAR_Annotated\NewProvingGround_Sept2020\20200923_PG_test\20200923_071.vid,349
I:\VIDEO_DATA\D2G1700_OD\VIDEOs\JP_Accord\LiDAR_Annotated\NewProvingGround_Sept2020\20200923_PG_test\20200923_073.vid,310
I:\VIDEO_DATA\D2G1700_OD\VIDEOs\JP_Accord\LiDAR_Annotated\NewProvingGround_Sept2020\20200923_PG_test\20200923_074.vid,342
I:\VIDEO_DATA\D2G1700_OD\VIDEOs\JP_Accord\LiDAR_Annotated\NewProvingGround_Sept2020\20200923_PG_test\20200923_075.vid,369
I:\VIDEO_DATA\D2G1700_OD\VIDEOs\JP_Accord\LiDAR_Annotated\NewProvingGround_Sept2020\20200923_PG_test\20200923_076.vid,344
I:\VIDEO_DATA\D2G1700_OD\VIDEOs\JP_Accord\LiDAR_Annotated\NewProvingGround_Sept2020\20200923_PG_test\20200923_077.vid,330
I:\VIDEO_DATA\D2G1700_OD\VIDEOs\JP_Accord\LiDAR_Annotated\NewProvingGround_Sept2020\20200923_PG_test\20200923_079.vid,346
I:\VIDEO_DATA\D2G1700_OD\VIDEOs\JP_Accord\LiDAR_Annotated\NewProvingGround_Sept2020\20200923_PG_test\20200923_080.vid,340
I:\VIDEO_DATA\D2G1700_OD\VIDEOs\JP_Accord\LiDAR_Annotated\NewProvingGround_Sept2020\20200923_PG_test\20200923_081.vid,354
I:\VIDEO_DATA\D2G1700_OD\VIDEOs\JP_Accord\LiDAR_Annotated\NewProvingGround_Sept2020\20200923_PG_test\20200923_082.vid,378
I:\VIDEO_DATA\D2G1700_OD\VIDEOs\JP_Accord\LiDAR_Annotated\NewProvingGround_Sept2020\20200923_PG_test\20200923_083.vid,346
I:\VIDEO_DATA\D2G1700_OD\VIDEOs\JP_Accord\LiDAR_Annotated\NewProvingGround_Sept2020\20200923_PG_test\20200923_086.vid,465
I:\VIDEO_DATA\D2G1700_OD\VIDEOs\JP_Accord\LiDAR_Annotated\NewProvingGround_Sept2020\20200923_PG_test\20200923_087.vid,327
I:\VIDEO_DATA\D2G1700_OD\VIDEOs\JP_Accord\LiDAR_Annotated\NewProvingGround_Sept2020\20200923_PG_test\20200923_088.vid,315
I:\VIDEO_DATA\D2G1700_OD\VIDEOs\JP_Accord\LiDAR_Annotated\NewProvingGround_Sept2020\20200923_PG_test\20200923_089.vid,363
I:\VIDEO_DATA\D2G1700_OD\VIDEOs\JP_Accord\LiDAR_Annotated\NewProvingGround_Sept2020\20200923_PG_test\20200923_090.vid,552
I:\VIDEO_DATA\D2G1700_OD\VIDEOs\JP_Accord\LiDAR_Annotated\NewProvingGround_Sept2020\20200923_PG_test\20200923_092.vid,816
I:\VIDEO_DATA\D2G1700_OD\VIDEOs\JP_Accord\LiDAR_Annotated\NewProvingGround_Sept2020\20200923_PG_test\20200923_093.vid,685
I:\VIDEO_DATA\D2G1700_OD\VIDEOs\JP_Accord\LiDAR_Annotated\NewProvingGround_Sept2020\20200923_PG_test\20200923_094.vid,661
I:\VIDEO_DATA\D2G1700_OD\VIDEOs\JP_Accord\LiDAR_Annotated\NewProvingGround_Sept2020\20200923_PG_test\20200923_095.vid,571
I:\VIDEO_DATA\D2G1700_OD\VIDEOs\JP_Accord\LiDAR_Annotated\NewProvingGround_Sept2020\20200923_PG_test\20200923_096.vid,556
I:\VIDEO_DATA\D2G1700_OD\VIDEOs\JP_Accord\LiDAR_Annotated\NewProvingGround_Sept2020\20200923_PG_test\20200923_097.vid,528
I:\VIDEO_DATA\D2G1700_OD\VIDEOs\JP_Accord\LiDAR_Annotated\NewProvingGround_Sept2020\20200923_PG_test\20200923_098.vid,579
I:\VIDEO_DATA\D2G1700_OD\VIDEOs\JP_Accord\LiDAR_Annotated\NewProvingGround_Sept2020\20200923_PG_test\20200923_099.vid,599
I:\VIDEO_DATA\D2G1700_OD\VIDEOs\JP_Accord\LiDAR_Annotated\NewProvingGround_Sept2020\20200923_PG_test\20200923_100.vid,524
I:\VIDEO_DATA\D2G1700_OD\VIDEOs\JP_Accord\LiDAR_Annotated\NewProvingGround_Sept2020\20200923_PG_test\20200923_101.vid,593
I:\VIDEO_DATA\D2G1700_OD\VIDEOs\JP_Accord\LiDAR_Annotated\NewProvingGround_Sept2020\20200923_PG_test\20200923_102.vid,817
I:\VIDEO_DATA\D2G1700_OD\VIDEOs\JP_Accord\LiDAR_Annotated\NewProvingGround_Sept2020\20200923_PG_test\20200923_103.vid,440
I:\VIDEO_DATA\D2G1700_OD\VIDEOs\JP_Accord\LiDAR_Annotated\NewProvingGround_Sept2020\20200923_PG_test\20200923_104.vid,625
I:\VIDEO_DATA\D2G1700_OD\VIDEOs\JP_Accord\LiDAR_Annotated\NewProvingGround_Sept2020\20200923_PG_test\20200923_105.vid,570
I:\VIDEO_DATA\D2G1700_OD\VIDEOs\JP_Accord\LiDAR_Annotated\NewProvingGround_Sept2020\20200923_PG_test\20200923_106.vid,495
I:\VIDEO_DATA\D2G1700_OD\VIDEOs\JP_Accord\LiDAR_Annotated\NewProvingGround_Sept2020\20200923_PG_test\20200923_107.vid,694
I:\VIDEO_DATA\D2G1700_OD\VIDEOs\JP_Accord\LiDAR_Annotated\NewProvingGround_Sept2020\20200923_PG_test\20200923_108.vid,595
I:\VIDEO_DATA\D2G1700_OD\VIDEOs\JP_Accord\LiDAR_Annotated\NewProvingGround_Sept2020\20200923_PG_test\20200923_109.vid,644
I:\VIDEO_DATA\D2G1700_OD\VIDEOs\JP_Accord\LiDAR_Annotated\NewProvingGround_Sept2020\20200923_PG_test\20200923_110.vid,499
I:\VIDEO_DATA\D2G1700_OD\VIDEOs\JP_Accord\LiDAR_Annotated\NewProvingGround_Sept2020\20200923_PG_test\20200923_111.vid,641
