I:\VIDEO_DATA\D2G1700_OD\VIDEOs\BR_ATS\FE_MP\PD\Recent\New_Cameras_Calibration_20180430\PD173_Added_In_PD1408_Non_LiDAR_Annotated\20180501\LongShadow\Shadow_side\ATSBr_Pedestrian_0m_77kLux_Sunny_AsphaltGrey_F0_R0_L0_B0_001_6.vid,1,931
I:\VIDEO_DATA\D2G1700_OD\VIDEOs\BR_ATS\FE_MP\PD\Recent\New_Cameras_Calibration_20180430\PD173_Added_In_PD1408_Non_LiDAR_Annotated\20180501\LongShadow\Shadow_side\ATSBr_Pedestrian_0m_77kLux_Sunny_AsphaltGrey_F0_R0_L0_B0_5.vid,1,681
I:\VIDEO_DATA\D2G1700_OD\VIDEOs\BR_ATS\FE_MP\PD\Recent\New_Cameras_Calibration_20180430\PD173_Added_In_PD1408_Non_LiDAR_Annotated\20180501\LongShadow\Shadow_Back\ATSBr_Pedestrian_1m_70kLux_Sunny_AsphaltGrey_F0_R0_L0_B0_7.vid,1,671
I:\VIDEO_DATA\D2G1700_OD\VIDEOs\BR_ATS\FE_MP\PD\Recent\New_Cameras_Calibration_20180430\PD173_Added_In_PD1408_Non_LiDAR_Annotated\20180501\LongShadow\Shadow_Back\ATSBr_Pedestrian_1m_70kLux_Sunny_AsphaltGrey_F0_R0_L0_B0_001_9.vid,1,751
I:\VIDEO_DATA\D2G1700_OD\VIDEOs\BR_ATS\FE_MP\PD\Recent\New_Cameras_Calibration_20180430\PD173_Added_In_PD1408_Non_LiDAR_Annotated\20180501\LongShadow\Shadow_Front\ATSBr_Pedestrian_1m_73kLux_Sunny_AsphaltGrey_F0_R0_L0_B0_11.vid,1,711
I:\VIDEO_DATA\D2G1700_OD\VIDEOs\BR_ATS\FE_MP\PD\Recent\New_Cameras_Calibration_20180430\PD173_Added_In_PD1408_Non_LiDAR_Annotated\20180501\LongShadow\Shadow_Front\ATSBr_Pedestrian_1m_73kLux_Sunny_AsphaltGrey_F0_R0_L0_B0_001_13.vid,1,681
I:\VIDEO_DATA\D2G1700_OD\VIDEOs\BR_ATS\FE_MP\PD\Recent\New_Cameras_Calibration_20180430\PD173_Added_In_PD1408_Non_LiDAR_Annotated\20180509\Stationary\ATSBr_Pedestrian_1m_37kLux_Sunny_AsphaltGrey_224.vid,1,901
I:\VIDEO_DATA\D2G1700_OD\VIDEOs\BR_ATS\FE_MP\PD\Recent\New_Cameras_Calibration_20180430\PD173_Added_In_PD1408_Non_LiDAR_Annotated\20180509\Stationary\ATSBr_Pedestrian_0m_37kLux_Sunny_AsphaltGrey_222.vid,1,601
I:\VIDEO_DATA\D2G1700_OD\VIDEOs\BR_ATS\FE_MP\PD\Recent\New_Cameras_Calibration_20180430\PD173_Added_In_PD1408_Non_LiDAR_Annotated\20180509\Stationary\ATSBr_Pedestrian_2m_37kLux_Sunny_AsphaltGrey_228.vid,1,701
I:\VIDEO_DATA\D2G1700_OD\VIDEOs\BR_ATS\FE_MP\PD\Recent\New_Cameras_Calibration_20180430\PD173_Added_In_PD1408_Non_LiDAR_Annotated\20180509\Stationary\ATSBr_Pedestrian_-1m_37kLux_Sunny_AsphaltGrey_227.vid,1,731
I:\VIDEO_DATA\D2G1700_OD\VIDEOs\BR_ATS\FE_MP\PD\Recent\New_Cameras_Calibration_20180430\PD173_Added_In_PD1408_Non_LiDAR_Annotated\20180509\Stationary\ATSBr_Pedestrian_1m_37kLux_Sunny_AsphaltGrey_226.vid,1,801
I:\VIDEO_DATA\D2G1700_OD\VIDEOs\BR_ATS\FE_MP\PD\Recent\New_Cameras_Calibration_20180430\PD173_Added_In_PD1408_Non_LiDAR_Annotated\20180509\Stationary\ATSBr_Pedestrian_-1m_37kLux_Sunny_AsphaltGrey_225.vid,1,801
I:\VIDEO_DATA\D2G1700_OD\VIDEOs\BR_ATS\FE_MP\PD\Recent\New_Cameras_Calibration_20180430\PD173_Added_In_PD1408_Non_LiDAR_Annotated\20180509\Stationary\ATSBr_Pedestrian_0m_37kLux_Sunny_AsphaltGrey_223.vid,1,761
I:\VIDEO_DATA\D2G1700_OD\VIDEOs\BR_ATS\FE_MP\PD\Recent\New_Cameras_Calibration_20180430\PD173_Added_In_PD1408_Non_LiDAR_Annotated\20180509\Lateral\ATSBr_Pedestrian_2m_40kLux_Sunny_AsphaltGrey_199.vid,1,471
I:\VIDEO_DATA\D2G1700_OD\VIDEOs\BR_ATS\FE_MP\PD\Recent\New_Cameras_Calibration_20180430\PD173_Added_In_PD1408_Non_LiDAR_Annotated\20180509\Longitudinal\ATSBr_Pedestrian_2m_75kLux_Sunny_AsphaltGrey_214.vid,1,481
I:\VIDEO_DATA\D2G1700_OD\VIDEOs\BR_ATS\FE_MP\PD\Recent\New_Cameras_Calibration_20180430\PD173_Added_In_PD1408_Non_LiDAR_Annotated\20180509\Longitudinal\ATSBr_Pedestrian_0m_75kLux_Sunny_AsphaltGrey_208.vid,1,471
I:\VIDEO_DATA\D2G1700_OD\VIDEOs\BR_ATS\FE_MP\PD\Recent\New_Cameras_Calibration_20180430\PD173_Added_In_PD1408_Non_LiDAR_Annotated\20180509\Longitudinal\ATSBr_Pedestrian_1m_75kLux_Sunny_AsphaltGrey_210.vid,1,511
I:\VIDEO_DATA\D2G1700_OD\VIDEOs\BR_ATS\FE_MP\PD\Recent\New_Cameras_Calibration_20180430\PD173_Added_In_PD1408_Non_LiDAR_Annotated\20180509\Longitudinal\ATSBr_Pedestrian_0m_75kLux_Sunny_AsphaltGrey_209.vid,1,491
I:\VIDEO_DATA\D2G1700_OD\VIDEOs\BR_ATS\FE_MP\PD\Recent\New_Cameras_Calibration_20180430\PD173_Added_In_PD1408_Non_LiDAR_Annotated\20180509\Longitudinal\ATSBr_Pedestrian_-1m_75kLux_Sunny_AsphaltGrey_211.vid,1,471
I:\VIDEO_DATA\D2G1700_OD\VIDEOs\BR_ATS\FE_MP\PD\Recent\New_Cameras_Calibration_20180430\PD173_Added_In_PD1408_Non_LiDAR_Annotated\20180509\Longitudinal\ATSBr_Pedestrian_-2m_75kLux_Sunny_AsphaltGrey_215.vid,1,481
I:\VIDEO_DATA\D2G1700_OD\VIDEOs\BR_ATS\FE_MP\PD\Recent\New_Cameras_Calibration_20180430\PD173_Added_In_PD1408_Non_LiDAR_Annotated\20180509\Longitudinal\ATSBr_Pedestrian_-3m_75kLux_Sunny_AsphaltGrey_219.vid,1,501
I:\VIDEO_DATA\D2G1700_OD\VIDEOs\BR_ATS\FE_MP\PD\Recent\New_Cameras_Calibration_20180430\PD173_Added_In_PD1408_Non_LiDAR_Annotated\20180510\Stationary\1\ATSBr_Pedestrian_1m_27kLux_Overcast_AsphaltGrey_F0_R0_L0_B0_001.vid,1,611
I:\VIDEO_DATA\D2G1700_OD\VIDEOs\BR_ATS\FE_MP\PD\Recent\New_Cameras_Calibration_20180430\PD173_Added_In_PD1408_Non_LiDAR_Annotated\20180510\Stationary\2\ATSBr_Pedestrian_-1m_24kLux_Overcast_AsphaltGrey_F0_R0_L0_B0.vid,1,491
I:\VIDEO_DATA\D2G1700_OD\VIDEOs\BR_ATS\FE_MP\PD\Recent\New_Cameras_Calibration_20180430\PD173_Added_In_PD1408_Non_LiDAR_Annotated\20180510\Stationary\2\ATSBr_Pedestrian_0m_24kLux_Overcast_AsphaltGrey_F0_R0_L0_B0.vid,1,711
I:\VIDEO_DATA\D2G1700_OD\VIDEOs\BR_ATS\FE_MP\PD\Recent\New_Cameras_Calibration_20180430\PD173_Added_In_PD1408_Non_LiDAR_Annotated\20180510\Stationary\2\ATSBr_Pedestrian_-1m_24kLux_Overcast_AsphaltGrey_F0_R0_L0_B0_001.vid,1,561
I:\VIDEO_DATA\D2G1700_OD\VIDEOs\BR_ATS\FE_MP\PD\Recent\New_Cameras_Calibration_20180430\PD173_Added_In_PD1408_Non_LiDAR_Annotated\20180510\Stationary\2\ATSBr_Pedestrian_0m_24kLux_Overcast_AsphaltGrey_F0_R0_L0_B0_001.vid,1,701
I:\VIDEO_DATA\D2G1700_OD\VIDEOs\BR_ATS\FE_MP\PD\Recent\New_Cameras_Calibration_20180430\PD173_Added_In_PD1408_Non_LiDAR_Annotated\20180510\Lateral\1\ATSBr_Pedestrian_1m_44kLux_SunnyBreaks_AsphaltGrey_F0_R0_L0_B0.vid,1,601
I:\VIDEO_DATA\D2G1700_OD\VIDEOs\BR_ATS\FE_MP\PD\Recent\New_Cameras_Calibration_20180430\PD173_Added_In_PD1408_Non_LiDAR_Annotated\20180510\Lateral\1\ATSBr_Pedestrian_2m_44kLux_SunnyBreaks_AsphaltGrey_F0_R0_L0_B0.vid,1,531
I:\VIDEO_DATA\D2G1700_OD\VIDEOs\BR_ATS\FE_MP\PD\Recent\New_Cameras_Calibration_20180430\PD173_Added_In_PD1408_Non_LiDAR_Annotated\20180510\Lateral\2\ATSBr_Pedestrian_2m_39kLux_SunnyBreaks_AsphaltGrey_F0_R0_L0_B0.vid,1,561
I:\VIDEO_DATA\D2G1700_OD\VIDEOs\BR_ATS\FE_MP\PD\Recent\New_Cameras_Calibration_20180430\PD173_Added_In_PD1408_Non_LiDAR_Annotated\20180510\Lateral\2\ATSBr_Pedestrian_1m_39kLux_SunnyBreaks_AsphaltGrey_F0_R0_L0_B0.vid,1,651
I:\VIDEO_DATA\D2G1700_OD\VIDEOs\BR_ATS\FE_MP\PD\Recent\New_Cameras_Calibration_20180430\PD173_Added_In_PD1408_Non_LiDAR_Annotated\20180510\Longitudinal\1\ATSBr_Pedestrian_2m_31kLux_SunnyBreaks_AsphaltGrey_F0_R0_L0_B0_001.vid,1,351
I:\VIDEO_DATA\D2G1700_OD\VIDEOs\BR_ATS\FE_MP\PD\Recent\New_Cameras_Calibration_20180430\PD173_Added_In_PD1408_Non_LiDAR_Annotated\20180510\Longitudinal\1\ATSBr_Pedestrian_1m_31kLux_SunnyBreaks_AsphaltGrey_F0_R0_L0_B0_001.vid,1,331
I:\VIDEO_DATA\D2G1700_OD\VIDEOs\BR_ATS\FE_MP\PD\Recent\New_Cameras_Calibration_20180430\PD173_Added_In_PD1408_Non_LiDAR_Annotated\20180511_Dummy\TestRecord_026.vid,1,951
I:\VIDEO_DATA\D2G1700_OD\VIDEOs\BR_ATS\FE_MP\PD\Recent\New_Cameras_Calibration_20180430\PD173_Added_In_PD1408_Non_LiDAR_Annotated\20180511_Dummy\TestRecord_015.vid,1,801
I:\VIDEO_DATA\D2G1700_OD\VIDEOs\BR_ATS\FE_MP\PD\Recent\New_Cameras_Calibration_20180430\PD173_Added_In_PD1408_Non_LiDAR_Annotated\20180511_Dummy\TestRecord_019.vid,1,771
I:\VIDEO_DATA\D2G1700_OD\VIDEOs\BR_ATS\FE_MP\PD\Recent\New_Cameras_Calibration_20180430\PD173_Added_In_PD1408_Non_LiDAR_Annotated\20180511_Dummy\TestRecord_025.vid,1,751
I:\VIDEO_DATA\D2G1700_OD\VIDEOs\BR_ATS\FE_MP\PD\Recent\New_Cameras_Calibration_20180430\PD173_Added_In_PD1408_Non_LiDAR_Annotated\20180511_Dummy\TestRecord_024.vid,1,861
I:\VIDEO_DATA\D2G1700_OD\VIDEOs\BR_ATS\FE_MP\PD\Recent\New_Cameras_Calibration_20180430\PD173_Added_In_PD1408_Non_LiDAR_Annotated\20180511_Dummy\TestRecord_022.vid,1,651
I:\VIDEO_DATA\D2G1700_OD\VIDEOs\BR_ATS\FE_MP\PD\Recent\New_Cameras_Calibration_20180430\PD173_Added_In_PD1408_Non_LiDAR_Annotated\20180528_WalkingStyle_Dummy\20180528_PD\Wall\TestRecord_148.vid,1,401
I:\VIDEO_DATA\D2G1700_OD\VIDEOs\BR_ATS\FE_MP\PD\Recent\New_Cameras_Calibration_20180430\PD173_Added_In_PD1408_Non_LiDAR_Annotated\20180528_WalkingStyle_Dummy\20180528_PD\ParkingLot\TestRecord_128.vid,1,351
I:\VIDEO_DATA\D2G1700_OD\VIDEOs\BR_ATS\FE_MP\PD\Recent\New_Cameras_Calibration_20180430\PD173_Added_In_PD1408_Non_LiDAR_Annotated\20180528_WalkingStyle_Dummy\20180528_Dummy\Trees\Standing\TestRecord_086.vid,1,721
I:\VIDEO_DATA\D2G1700_OD\VIDEOs\BR_ATS\FE_MP\PD\Recent\New_Cameras_Calibration_20180430\PD173_Added_In_PD1408_Non_LiDAR_Annotated\20180528_WalkingStyle_Dummy\20180528_Dummy\Trees\Standing\TestRecord_080.vid,1,721
I:\VIDEO_DATA\D2G1700_OD\VIDEOs\BR_ATS\FE_MP\PD\Recent\New_Cameras_Calibration_20180430\PD173_Added_In_PD1408_Non_LiDAR_Annotated\20180528_WalkingStyle_Dummy\20180528_Dummy\Trees\Standing\TestRecord_079.vid,1,661
I:\VIDEO_DATA\D2G1700_OD\VIDEOs\BR_ATS\FE_MP\PD\Recent\New_Cameras_Calibration_20180430\PD173_Added_In_PD1408_Non_LiDAR_Annotated\20180528_WalkingStyle_Dummy\20180528_Dummy\Trees\Standing\TestRecord_078.vid,1,511
I:\VIDEO_DATA\D2G1700_OD\VIDEOs\BR_ATS\FE_MP\PD\Recent\New_Cameras_Calibration_20180430\PD173_Added_In_PD1408_Non_LiDAR_Annotated\20180528_WalkingStyle_Dummy\20180528_Dummy\Trees\Standing\TestRecord_081.vid,1,831
I:\VIDEO_DATA\D2G1700_OD\VIDEOs\BR_ATS\FE_MP\PD\Recent\New_Cameras_Calibration_20180430\PD173_Added_In_PD1408_Non_LiDAR_Annotated\20180528_WalkingStyle_Dummy\20180528_Dummy\Trees\Walking\TestRecord_100.vid,1,631
I:\VIDEO_DATA\D2G1700_OD\VIDEOs\BR_ATS\FE_MP\PD\Recent\New_Cameras_Calibration_20180430\PD173_Added_In_PD1408_Non_LiDAR_Annotated\20180528_WalkingStyle_Dummy\20180528_Dummy\Trees\Walking\TestRecord_096.vid,1,771
I:\VIDEO_DATA\D2G1700_OD\VIDEOs\BR_ATS\FE_MP\PD\Recent\New_Cameras_Calibration_20180430\PD173_Added_In_PD1408_Non_LiDAR_Annotated\20180528_WalkingStyle_Dummy\20180528_Dummy\Trees\Walking\TestRecord_090.vid,1,701
I:\VIDEO_DATA\D2G1700_OD\VIDEOs\BR_ATS\FE_MP\PD\Recent\New_Cameras_Calibration_20180430\PD173_Added_In_PD1408_Non_LiDAR_Annotated\20180528_WalkingStyle_Dummy\20180528_Dummy\Trees\Walking\TestRecord_087.vid,1,751
I:\VIDEO_DATA\D2G1700_OD\VIDEOs\BR_ATS\FE_MP\PD\Recent\New_Cameras_Calibration_20180430\PD173_Added_In_PD1408_Non_LiDAR_Annotated\20180528_WalkingStyle_Dummy\20180528_Dummy\Trees\Walking\TestRecord_089.vid,1,721
I:\VIDEO_DATA\D2G1700_OD\VIDEOs\BR_ATS\FE_MP\PD\Recent\New_Cameras_Calibration_20180430\PD173_Added_In_PD1408_Non_LiDAR_Annotated\20180528_WalkingStyle_Dummy\20180528_Dummy\Trees\Walking\TestRecord_088.vid,1,691
I:\VIDEO_DATA\D2G1700_OD\VIDEOs\BR_ATS\FE_MP\PD\Recent\New_Cameras_Calibration_20180430\PD173_Added_In_PD1408_Non_LiDAR_Annotated\20180528_WalkingStyle_Dummy\20180528_Dummy\Trees\Walking\TestRecord_094.vid,1,591
I:\VIDEO_DATA\D2G1700_OD\VIDEOs\BR_ATS\FE_MP\PD\Recent\New_Cameras_Calibration_20180430\PD173_Added_In_PD1408_Non_LiDAR_Annotated\20180528_WalkingStyle_Dummy\20180528_Dummy\Trees\Walking\TestRecord_095.vid,1,701
I:\VIDEO_DATA\D2G1700_OD\VIDEOs\BR_ATS\FE_MP\PD\Recent\New_Cameras_Calibration_20180430\PD173_Added_In_PD1408_Non_LiDAR_Annotated\20180528_WalkingStyle_Dummy\20180528_Dummy\Trees\Walking\TestRecord_098.vid,1,491
I:\VIDEO_DATA\D2G1700_OD\VIDEOs\BR_ATS\FE_MP\PD\Recent\New_Cameras_Calibration_20180430\PD173_Added_In_PD1408_Non_LiDAR_Annotated\20180528_WalkingStyle_Dummy\20180528_Dummy\Trees\Walking\TestRecord_091.vid,1,611
I:\VIDEO_DATA\D2G1700_OD\VIDEOs\BR_ATS\FE_MP\PD\Recent\New_Cameras_Calibration_20180430\PD173_Added_In_PD1408_Non_LiDAR_Annotated\20180528_WalkingStyle_Dummy\20180528_Dummy\ParkingLot\Standing\TestRecord_053.vid,1,591
I:\VIDEO_DATA\D2G1700_OD\VIDEOs\BR_ATS\FE_MP\PD\Recent\New_Cameras_Calibration_20180430\PD173_Added_In_PD1408_Non_LiDAR_Annotated\20180528_WalkingStyle_Dummy\20180528_Dummy\ParkingLot\Standing\TestRecord_056.vid,1,541
I:\VIDEO_DATA\D2G1700_OD\VIDEOs\BR_ATS\FE_MP\PD\Recent\New_Cameras_Calibration_20180430\PD173_Added_In_PD1408_Non_LiDAR_Annotated\20180528_WalkingStyle_Dummy\20180528_Dummy\ParkingLot\Walking\TestRecord_075.vid,1,651
I:\VIDEO_DATA\D2G1700_OD\VIDEOs\BR_ATS\FE_MP\PD\Recent\New_Cameras_Calibration_20180430\PD173_Added_In_PD1408_Non_LiDAR_Annotated\20180528_WalkingStyle_Dummy\20180528_Dummy\ParkingLot\Walking\TestRecord_071.vid,1,761
I:\VIDEO_DATA\D2G1700_OD\VIDEOs\BR_ATS\FE_MP\PD\Recent\New_Cameras_Calibration_20180430\PD173_Added_In_PD1408_Non_LiDAR_Annotated\20180528_WalkingStyle_Dummy\20180528_Dummy\ParkingLot\Walking\TestRecord_065.vid,1,581
I:\VIDEO_DATA\D2G1700_OD\VIDEOs\BR_ATS\FE_MP\PD\Recent\New_Cameras_Calibration_20180430\PD173_Added_In_PD1408_Non_LiDAR_Annotated\20180528_WalkingStyle_Dummy\20180528_Dummy\ParkingLot\Walking\TestRecord_069.vid,1,771
I:\VIDEO_DATA\D2G1700_OD\VIDEOs\BR_ATS\FE_MP\PD\Recent\New_Cameras_Calibration_20180430\PD173_Added_In_PD1408_Non_LiDAR_Annotated\20180503_Raining\Stationary\ATSBr_Pedestrian_0m_3kLux_Raining_AsphaltGrey_42.vid,1,701
I:\VIDEO_DATA\D2G1700_OD\VIDEOs\BR_ATS\FE_MP\PD\Recent\New_Cameras_Calibration_20180430\PD173_Added_In_PD1408_Non_LiDAR_Annotated\20180503_Raining\Stationary\ATSBr_Pedestrian_-2m_3kLux_Raining_AsphaltGrey_45.vid,1,531
I:\VIDEO_DATA\D2G1700_OD\VIDEOs\BR_ATS\FE_MP\PD\Recent\New_Cameras_Calibration_20180430\PD173_Added_In_PD1408_Non_LiDAR_Annotated\20180503_Raining\Stationary\ATSBr_Pedestrian_-1m_3kLux_Raining_AsphaltGrey_58.vid,1,601
I:\VIDEO_DATA\D2G1700_OD\VIDEOs\BR_ATS\FE_MP\PD\Recent\New_Cameras_Calibration_20180430\PD173_Added_In_PD1408_Non_LiDAR_Annotated\20180503_Raining\Stationary\ATSBr_Pedestrian_-1m_3kLux_Raining_AsphaltGrey_57.vid,1,591
I:\VIDEO_DATA\D2G1700_OD\VIDEOs\BR_ATS\FE_MP\PD\Recent\New_Cameras_Calibration_20180430\PD173_Added_In_PD1408_Non_LiDAR_Annotated\20180503_Raining\Stationary\ATSBr_Pedestrian_0m_3kLux_Raining_AsphaltGrey_56.vid,1,811
I:\VIDEO_DATA\D2G1700_OD\VIDEOs\BR_ATS\FE_MP\PD\Recent\New_Cameras_Calibration_20180430\PD173_Added_In_PD1408_Non_LiDAR_Annotated\20180503_Raining\Lateral\ATSBr_Pedestrian_1m_3kLux_Raining_AsphaltGrey_1.vid,1,441
I:\VIDEO_DATA\D2G1700_OD\VIDEOs\BR_ATS\FE_MP\PD\Recent\New_Cameras_Calibration_20180430\PD173_Added_In_PD1408_Non_LiDAR_Annotated\20180503_Raining\Lateral\ATSBr_Pedestrian_1m_3kLux_Raining_AsphaltGrey_2.vid,1,391
I:\VIDEO_DATA\D2G1700_OD\VIDEOs\BR_ATS\FE_MP\PD\Recent\New_Cameras_Calibration_20180430\PD173_Added_In_PD1408_Non_LiDAR_Annotated\20180503_Raining\Lateral\ATSBr_Pedestrian_2m_3kLux_Raining_AsphaltGrey_3.vid,1,461
I:\VIDEO_DATA\D2G1700_OD\VIDEOs\BR_ATS\FE_MP\PD\Recent\New_Cameras_Calibration_20180430\PD173_Added_In_PD1408_Non_LiDAR_Annotated\20180503_Raining\Lateral\ATSBr_Pedestrian_2m_3kLux_Raining_AsphaltGrey_4.vid,1,391
I:\VIDEO_DATA\D2G1700_OD\VIDEOs\BR_ATS\FE_MP\PD\Recent\New_Cameras_Calibration_20180430\PD173_Added_In_PD1408_Non_LiDAR_Annotated\20180503_Raining\Lateral\ATSBr_Pedestrian_3m_3kLux_Raining_AsphaltGrey_6.vid,1,411
I:\VIDEO_DATA\D2G1700_OD\VIDEOs\BR_ATS\FE_MP\PD\Recent\New_Cameras_Calibration_20180430\PD173_Added_In_PD1408_Non_LiDAR_Annotated\20180503_Raining\Lateral\ATSBr_Pedestrian_4m_3kLux_Raining_AsphaltGrey_8.vid,1,421
I:\VIDEO_DATA\D2G1700_OD\VIDEOs\BR_ATS\FE_MP\PD\Recent\New_Cameras_Calibration_20180430\PD173_Added_In_PD1408_Non_LiDAR_Annotated\20180503_Raining\Lateral\ATSBr_Pedestrian_4m_3kLux_Raining_AsphaltGrey_7.vid,1,471
I:\VIDEO_DATA\D2G1700_OD\VIDEOs\BR_ATS\FE_MP\PD\Recent\New_Cameras_Calibration_20180430\PD173_Added_In_PD1408_Non_LiDAR_Annotated\20180503_Raining\Lateral\ATSBr_Pedestrian_3m_3kLux_Raining_AsphaltGrey_5.vid,1,471
I:\VIDEO_DATA\D2G1700_OD\VIDEOs\BR_ATS\FE_MP\PD\Recent\New_Cameras_Calibration_20180430\PD173_Added_In_PD1408_Non_LiDAR_Annotated\20180503_Raining\Longitudinal\ATSBr_Pedestrian_1m_3kLux_Raining_AsphaltGrey_32.vid,1,411
I:\VIDEO_DATA\D2G1700_OD\VIDEOs\BR_ATS\FE_MP\PD\Recent\New_Cameras_Calibration_20180430\PD173_Added_In_PD1408_Non_LiDAR_Annotated\20180503_Raining\Longitudinal\ATSBr_Pedestrian_-3m_3kLux_Raining_AsphaltGrey_26.vid,1,381
I:\VIDEO_DATA\D2G1700_OD\VIDEOs\BR_ATS\FE_MP\PD\Recent\New_Cameras_Calibration_20180430\PD173_Added_In_PD1408_Non_LiDAR_Annotated\20180503_Raining\Longitudinal\ATSBr_Pedestrian_-1m_3kLux_Raining_AsphaltGrey_30.vid,1,371
I:\VIDEO_DATA\D2G1700_OD\VIDEOs\BR_ATS\FE_MP\PD\Recent\New_Cameras_Calibration_20180430\PD173_Added_In_PD1408_Non_LiDAR_Annotated\20180503_Raining\Longitudinal\ATSBr_Pedestrian_-3m_3kLux_Raining_AsphaltGrey_25.vid,1,421
I:\VIDEO_DATA\D2G1700_OD\VIDEOs\BR_ATS\FE_MP\PD\Recent\New_Cameras_Calibration_20180430\PD173_Added_In_PD1408_Non_LiDAR_Annotated\20180503_Raining\Longitudinal\ATSBr_Pedestrian_1m_3kLux_Raining_AsphaltGrey_31.vid,1,411
I:\VIDEO_DATA\D2G1700_OD\VIDEOs\BR_ATS\FE_MP\PD\Recent\New_Cameras_Calibration_20180430\PD173_Added_In_PD1408_Non_LiDAR_Annotated\20180503_Raining\Longitudinal\ATSBr_Pedestrian_-1m_3kLux_Raining_AsphaltGrey_29.vid,1,431
I:\VIDEO_DATA\D2G1700_OD\VIDEOs\BR_ATS\FE_MP\PD\Recent\New_Cameras_Calibration_20180430\PD173_Added_In_PD1408_Non_LiDAR_Annotated\20180503_Raining\Longitudinal\ATSBr_Pedestrian_2m_3kLux_Raining_AsphaltGrey_34.vid,1,401
I:\VIDEO_DATA\D2G1700_OD\VIDEOs\BR_ATS\FE_MP\PD\Recent\New_Cameras_Calibration_20180430\PD173_Added_In_PD1408_Non_LiDAR_Annotated\20180503_Raining\Longitudinal\ATSBr_Pedestrian_-4m_3kLux_Raining_AsphaltGrey_23.vid,1,451
I:\VIDEO_DATA\D2G1700_OD\VIDEOs\BR_ATS\FE_MP\PD\Recent\New_Cameras_Calibration_20180430\PD173_Added_In_PD1408_Non_LiDAR_Annotated\20180503_Raining\Longitudinal\ATSBr_Pedestrian_4m_3kLux_Raining_AsphaltGrey_37.vid,1,471
I:\VIDEO_DATA\D2G1700_OD\VIDEOs\BR_ATS\FE_MP\PD\Recent\New_Cameras_Calibration_20180430\PD173_Added_In_PD1408_Non_LiDAR_Annotated\20180503_Raining\Longitudinal\ATSBr_Pedestrian_4m_3kLux_Raining_AsphaltGrey_38.vid,1,411
I:\VIDEO_DATA\D2G1700_OD\VIDEOs\BR_ATS\FE_MP\PD\Recent\New_Cameras_Calibration_20180430\PD173_Added_In_PD1408_Non_LiDAR_Annotated\20180503_Raining\Longitudinal\ATSBr_Pedestrian_-2m_3kLux_Raining_AsphaltGrey_27.vid,1,421
I:\VIDEO_DATA\D2G1700_OD\VIDEOs\BR_ATS\FE_MP\PD\Recent\New_Cameras_Calibration_20180430\PD173_Added_In_PD1408_Non_LiDAR_Annotated\20180503_Raining\Longitudinal\ATSBr_Pedestrian_3m_3kLux_Raining_AsphaltGrey_36.vid,1,431
I:\VIDEO_DATA\D2G1700_OD\VIDEOs\BR_ATS\FE_MP\PD\Recent\New_Cameras_Calibration_20180430\PD173_Added_In_PD1408_Non_LiDAR_Annotated\20180503_Raining\Longitudinal\ATSBr_Pedestrian_-2m_3kLux_Raining_AsphaltGrey_28.vid,1,391
I:\VIDEO_DATA\D2G1700_OD\VIDEOs\BR_ATS\FE_MP\PD\Recent\New_Cameras_Calibration_20180430\PD173_Added_In_PD1408_Non_LiDAR_Annotated\20180503_Raining\Longitudinal\ATSBr_Pedestrian_3m_3kLux_Raining_AsphaltGrey_35.vid,1,461
I:\VIDEO_DATA\D2G1700_OD\VIDEOs\BR_ATS\FE_MP\PD\Recent\New_Cameras_Calibration_20180430\PD173_Added_In_PD1408_Non_LiDAR_Annotated\20180503_Raining\Longitudinal\ATSBr_Pedestrian_2m_3kLux_Raining_AsphaltGrey_33.vid,1,471
I:\VIDEO_DATA\D2G1700_OD\VIDEOs\BR_ATS\FE_MP\PD\Recent\New_Cameras_Calibration_20180430\PD173_Added_In_PD1408_Non_LiDAR_Annotated\20180503_Raining\Longitudinal\ATSBr_Pedestrian_-4m_3kLux_Raining_AsphaltGrey_24.vid,1,391
I:\VIDEO_DATA\D2G1700_OD\VIDEOs\BR_ATS\FE_MP\PD\Recent\New_Cameras_Calibration_20180430\PD173_Added_In_PD1408_Non_LiDAR_Annotated\20180503_Raining\Longitudinal\ATSBr_Pedestrian_5m_3kLux_Raining_AsphaltGrey_39.vid,1,521
I:\VIDEO_DATA\D2G1700_OD\VIDEOs\BR_ATS\FE_MP\PD\Recent\New_Cameras_Calibration_20180430\PD173_Added_In_PD1408_Non_LiDAR_Annotated\20180503_Raining\Longitudinal\ATSBr_Pedestrian_5m_3kLux_Raining_AsphaltGrey_40.vid,1,431
I:\VIDEO_DATA\D2G1700_OD\VIDEOs\BR_ATS\FE_MP\PD\Recent\New_Cameras_Calibration_20180430\PD173_Added_In_PD1408_Non_LiDAR_Annotated\20180430_Night\Stationary\Will\ATSBr_Pedestrian_0m_12Lux_Night_AsphaltGrey_110.vid,1,771
I:\VIDEO_DATA\D2G1700_OD\VIDEOs\BR_ATS\FE_MP\PD\Recent\New_Cameras_Calibration_20180430\PD173_Added_In_PD1408_Non_LiDAR_Annotated\20180430_Night\Stationary\Will\ATSBr_Pedestrian_-1m_12Lux_Night_AsphaltGrey_115.vid,1,591
I:\VIDEO_DATA\D2G1700_OD\VIDEOs\BR_ATS\FE_MP\PD\Recent\New_Cameras_Calibration_20180430\PD173_Added_In_PD1408_Non_LiDAR_Annotated\20180430_Night\Stationary\Will\ATSBr_Pedestrian_-1m_12Lux_Night_AsphaltGrey_113.vid,1,661
I:\VIDEO_DATA\D2G1700_OD\VIDEOs\BR_ATS\FE_MP\PD\Recent\New_Cameras_Calibration_20180430\PD173_Added_In_PD1408_Non_LiDAR_Annotated\20180430_Night\Stationary\Will\ATSBr_Pedestrian_0m_12Lux_Night_AsphaltGrey_111.vid,1,741
I:\VIDEO_DATA\D2G1700_OD\VIDEOs\BR_ATS\FE_MP\PD\Recent\New_Cameras_Calibration_20180430\PD173_Added_In_PD1408_Non_LiDAR_Annotated\20180430_Night\Stationary\Kevin\ATSBr_Pedestrian_0m_7Lux_Night_AsphaltGrey_100.vid,1,711
I:\VIDEO_DATA\D2G1700_OD\VIDEOs\BR_ATS\FE_MP\PD\Recent\New_Cameras_Calibration_20180430\PD173_Added_In_PD1408_Non_LiDAR_Annotated\20180430_Night\Stationary\Kevin\ATSBr_Pedestrian_0m_7Lux_Night_AsphaltGrey_101.vid,1,641
I:\VIDEO_DATA\D2G1700_OD\VIDEOs\BR_ATS\FE_MP\PD\Recent\New_Cameras_Calibration_20180430\PD173_Added_In_PD1408_Non_LiDAR_Annotated\20180430_Night\Longitudinal\Kevin\ATSBr_Pedestrian_-1m_4Lux_Night_AsphaltGrey_83.vid,1,311
I:\VIDEO_DATA\D2G1700_OD\VIDEOs\BR_ATS\FE_MP\PD\Recent\New_Cameras_Calibration_20180430\PD173_Added_In_PD1408_Non_LiDAR_Annotated\20180501_Night\Stationary\ATSBr_Pedestrian_0m_6Lux_Night_AsphaltGrey_181.vid,1,841
I:\VIDEO_DATA\D2G1700_OD\VIDEOs\BR_ATS\FE_MP\PD\Recent\New_Cameras_Calibration_20180430\PD173_Added_In_PD1408_Non_LiDAR_Annotated\20180501_Night\Stationary\ATSBr_Pedestrian_-1m_3Lux_Night_AsphaltGrey_185.vid,1,631
I:\VIDEO_DATA\D2G1700_OD\VIDEOs\BR_ATS\FE_MP\PD\Recent\New_Cameras_Calibration_20180430\PD173_Added_In_PD1408_Non_LiDAR_Annotated\20180501_Night\Stationary\ATSBr_Pedestrian_0m_6Lux_Night_AsphaltGrey_180.vid,1,901
I:\VIDEO_DATA\D2G1700_OD\VIDEOs\BR_ATS\FE_MP\PD\Recent\New_Cameras_Calibration_20180430\PD173_Added_In_PD1408_Non_LiDAR_Annotated\20180501_Night\Stationary\ATSBr_Pedestrian_1m_3Lux_Night_AsphaltGrey_182.vid,1,631
I:\VIDEO_DATA\D2G1700_OD\VIDEOs\BR_ATS\FE_MP\PD\Recent\New_Cameras_Calibration_20180430\PD173_Added_In_PD1408_Non_LiDAR_Annotated\20180501_Night\Stationary\ATSBr_Pedestrian_2m_6Lux_Night_AsphaltGrey_194.vid,1,661
I:\VIDEO_DATA\D2G1700_OD\VIDEOs\BR_ATS\FE_MP\PD\Recent\New_Cameras_Calibration_20180430\PD173_Added_In_PD1408_Non_LiDAR_Annotated\20180501_Night\Stationary\ATSBr_Pedestrian_-1m_3Lux_Night_AsphaltGrey_183.vid,1,631
I:\VIDEO_DATA\D2G1700_OD\VIDEOs\BR_ATS\FE_MP\PD\Recent\New_Cameras_Calibration_20180430\PD173_Added_In_PD1408_Non_LiDAR_Annotated\20180501_Night\Stationary\ATSBr_Pedestrian_-2m_6Lux_Night_AsphaltGrey_195.vid,1,611
I:\VIDEO_DATA\D2G1700_OD\VIDEOs\BR_ATS\FE_MP\PD\Recent\New_Cameras_Calibration_20180430\PD173_Added_In_PD1408_Non_LiDAR_Annotated\20180501_Night\Stationary\ATSBr_Pedestrian_-2m_6Lux_Night_AsphaltGrey_197.vid,1,701
I:\VIDEO_DATA\D2G1700_OD\VIDEOs\BR_ATS\FE_MP\PD\Recent\New_Cameras_Calibration_20180430\PD173_Added_In_PD1408_Non_LiDAR_Annotated\20180501_Night\Stationary\ATSBr_Pedestrian_-1m_6Lux_Night_AsphaltGrey_189.vid,1,811
I:\VIDEO_DATA\D2G1700_OD\VIDEOs\BR_ATS\FE_MP\PD\Recent\New_Cameras_Calibration_20180430\PD173_Added_In_PD1408_Non_LiDAR_Annotated\20180501_Night\Stationary\ATSBr_Pedestrian_-1m_6Lux_Night_AsphaltGrey_187.vid,1,771
I:\VIDEO_DATA\D2G1700_OD\VIDEOs\BR_ATS\FE_MP\PD\Recent\New_Cameras_Calibration_20180430\PD173_Added_In_PD1408_Non_LiDAR_Annotated\20180501_Night\Stationary\ATSBr_Pedestrian_1m_6Lux_Night_AsphaltGrey_186.vid,1,781
I:\VIDEO_DATA\D2G1700_OD\VIDEOs\BR_ATS\FE_MP\PD\Recent\New_Cameras_Calibration_20180430\PD173_Added_In_PD1408_Non_LiDAR_Annotated\20180501_Night\Stationary\ATSBr_Pedestrian_0m_3Lux_Night_AsphaltGrey_178.vid,1,751
I:\VIDEO_DATA\D2G1700_OD\VIDEOs\BR_ATS\FE_MP\PD\Recent\New_Cameras_Calibration_20180430\PD173_Added_In_PD1408_Non_LiDAR_Annotated\20180501_Night\Stationary\ATSBr_Pedestrian_2m_6Lux_Night_AsphaltGrey_196.vid,1,691
I:\VIDEO_DATA\D2G1700_OD\VIDEOs\BR_ATS\FE_MP\PD\Recent\New_Cameras_Calibration_20180430\PD173_Added_In_PD1408_Non_LiDAR_Annotated\20180501_Night\Stationary\ATSBr_Pedestrian_1m_6Lux_Night_AsphaltGrey_188.vid,1,911
I:\VIDEO_DATA\D2G1700_OD\VIDEOs\BR_ATS\FE_MP\PD\Recent\New_Cameras_Calibration_20180430\PD173_Added_In_PD1408_Non_LiDAR_Annotated\20180501_Night\Lateral\ATSBr_Pedestrian_2m_11Lux_Night_AsphaltGrey_123.vid,1,661
I:\VIDEO_DATA\D2G1700_OD\VIDEOs\BR_ATS\FE_MP\PD\Recent\New_Cameras_Calibration_20180430\PD173_Added_In_PD1408_Non_LiDAR_Annotated\20180501_Night\Lateral\ATSBr_Pedestrian_1m_4Lux_Night_AsphaltGrey_120.vid,1,551
I:\VIDEO_DATA\D2G1700_OD\VIDEOs\BR_ATS\FE_MP\PD\Recent\New_Cameras_Calibration_20180430\PD173_Added_In_PD1408_Non_LiDAR_Annotated\20180501_Night\Lateral\ATSBr_Pedestrian_5m_11Lux_Night_AsphaltGrey_129.vid,1,691
I:\VIDEO_DATA\D2G1700_OD\VIDEOs\BR_ATS\FE_MP\PD\Recent\New_Cameras_Calibration_20180430\PD173_Added_In_PD1408_Non_LiDAR_Annotated\20180501_Night\Lateral\ATSBr_Pedestrian_3m_11Lux_Night_AsphaltGrey_125.vid,1,661
I:\VIDEO_DATA\D2G1700_OD\VIDEOs\BR_ATS\FE_MP\PD\Recent\New_Cameras_Calibration_20180430\PD173_Added_In_PD1408_Non_LiDAR_Annotated\20180501_Night\Lateral\ATSBr_Pedestrian_4m_11Lux_Night_AsphaltGrey_127.vid,1,641
I:\VIDEO_DATA\D2G1700_OD\VIDEOs\BR_ATS\FE_MP\PD\Recent\New_Cameras_Calibration_20180430\PD173_Added_In_PD1408_Non_LiDAR_Annotated\20180501_Night\Lateral\ATSBr_Pedestrian_1m_11Lux_Night_AsphaltGrey_121.vid,1,661
I:\VIDEO_DATA\D2G1700_OD\VIDEOs\BR_ATS\FE_MP\PD\Recent\New_Cameras_Calibration_20180430\PD173_Added_In_PD1408_Non_LiDAR_Annotated\20180501_Night\Longitudinal\ATSBr_Pedestrian_4m_17Lux_Night_AsphaltGrey_172.vid,1,541
I:\VIDEO_DATA\D2G1700_OD\VIDEOs\BR_ATS\FE_MP\PD\Recent\New_Cameras_Calibration_20180430\PD173_Added_In_PD1408_Non_LiDAR_Annotated\20180501_Night\Longitudinal\ATSBr_Pedestrian_2m_17Lux_Night_AsphaltGrey_158.vid,1,471
I:\VIDEO_DATA\D2G1700_OD\VIDEOs\BR_ATS\FE_MP\PD\Recent\New_Cameras_Calibration_20180430\PD173_Added_In_PD1408_Non_LiDAR_Annotated\20180501_Night\Longitudinal\ATSBr_Pedestrian_1m_17Lux_Night_AsphaltGrey_148.vid,1,551
I:\VIDEO_DATA\D2G1700_OD\VIDEOs\BR_ATS\FE_MP\PD\Recent\New_Cameras_Calibration_20180430\PD173_Added_In_PD1408_Non_LiDAR_Annotated\20180501_Night\Longitudinal\ATSBr_Pedestrian_3m_17Lux_Night_AsphaltGrey_164.vid,1,671
I:\VIDEO_DATA\D2G1700_OD\VIDEOs\BR_ATS\FE_MP\PD\Recent\New_Cameras_Calibration_20180430\PD173_Added_In_PD1408_Non_LiDAR_Annotated\20180501_Night\Longitudinal\ATSBr_Pedestrian_0m_4Lux_Night_AsphaltGrey_140.vid,1,431
I:\VIDEO_DATA\D2G1700_OD\VIDEOs\BR_ATS\FE_MP\PD\Recent\New_Cameras_Calibration_20180430\PD173_Added_In_PD1408_Non_LiDAR_Annotated\20180501_Night\Longitudinal\ATSBr_Pedestrian_-1m_4Lux_Night_AsphaltGrey_147.vid,1,481
I:\VIDEO_DATA\D2G1700_OD\VIDEOs\BR_ATS\FE_MP\PD\Recent\New_Cameras_Calibration_20180430\PD173_Added_In_PD1408_Non_LiDAR_Annotated\20180501_Night\Longitudinal\ATSBr_Pedestrian_4m_17Lux_Night_AsphaltGrey_174.vid,1,501
I:\VIDEO_DATA\D2G1700_OD\VIDEOs\BR_ATS\FE_MP\PD\Recent\New_Cameras_Calibration_20180430\PD173_Added_In_PD1408_Non_LiDAR_Annotated\20180501_Night\Longitudinal\ATSBr_Pedestrian_-1m_17Lux_Night_AsphaltGrey_151.vid,1,531
I:\VIDEO_DATA\D2G1700_OD\VIDEOs\BR_ATS\FE_MP\PD\Recent\New_Cameras_Calibration_20180430\PD173_Added_In_PD1408_Non_LiDAR_Annotated\20180501_Night\Longitudinal\ATSBr_Pedestrian_0m_17Lux_Night_AsphaltGrey_142.vid,1,481
I:\VIDEO_DATA\D2G1700_OD\VIDEOs\BR_ATS\FE_MP\PD\Recent\New_Cameras_Calibration_20180430\PD173_Added_In_PD1408_Non_LiDAR_Annotated\20180501_Night\Longitudinal\ATSBr_Pedestrian_2m_17Lux_Night_AsphaltGrey_156.vid,1,401
I:\VIDEO_DATA\D2G1700_OD\VIDEOs\BR_ATS\FE_MP\PD\Recent\New_Cameras_Calibration_20180430\PD173_Added_In_PD1408_Non_LiDAR_Annotated\20180501_Night\Longitudinal\ATSBr_Pedestrian_1m_4Lux_Night_AsphaltGrey_144.vid,1,621
I:\VIDEO_DATA\D2G1700_OD\VIDEOs\BR_ATS\FE_MP\PD\Recent\New_Cameras_Calibration_20180430\PD173_Added_In_PD1408_Non_LiDAR_Annotated\20180501_Night\Longitudinal\ATSBr_Pedestrian_1m_4Lux_Night_AsphaltGrey_146.vid,1,491
I:\VIDEO_DATA\D2G1700_OD\VIDEOs\BR_ATS\FE_MP\PD\Recent\New_Cameras_Calibration_20180430\PD173_Added_In_PD1408_Non_LiDAR_Annotated\20180501_Night\Longitudinal\ATSBr_Pedestrian_0m_17Lux_Night_AsphaltGrey_143.vid,1,511
I:\VIDEO_DATA\D2G1700_OD\VIDEOs\BR_ATS\FE_MP\PD\Recent\New_Cameras_Calibration_20180430\PD173_Added_In_PD1408_Non_LiDAR_Annotated\20180501_Night\Longitudinal\ATSBr_Pedestrian_3m_17Lux_Night_AsphaltGrey_166.vid,1,631
I:\VIDEO_DATA\D2G1700_OD\VIDEOs\BR_ATS\FE_MP\PD\Recent\New_Cameras_Calibration_20180430\PD173_Added_In_PD1408_Non_LiDAR_Annotated\20180501_Night\Longitudinal\ATSBr_Pedestrian_3m_4Lux_Night_AsphaltGrey_160.vid,1,491
I:\VIDEO_DATA\D2G1700_OD\VIDEOs\BR_ATS\FE_MP\PD\Recent\New_Cameras_Calibration_20180430\PD173_Added_In_PD1408_Non_LiDAR_Annotated\20180501_Night\Longitudinal\ATSBr_Pedestrian_-1m_4Lux_Night_AsphaltGrey_145.vid,1,491
I:\VIDEO_DATA\D2G1700_OD\VIDEOs\BR_ATS\FE_MP\PD\Recent\New_Cameras_Calibration_20180430\PD173_Added_In_PD1408_Non_LiDAR_Annotated\20180517_Night\Stationary\1\ATSBr_Pedestrian_0m_19Lux_Night_AsphaltGrey_F0_R0_L0_B0_001.vid,1,501
I:\VIDEO_DATA\D2G1700_OD\VIDEOs\BR_ATS\FE_MP\PD\Recent\New_Cameras_Calibration_20180430\PD173_Added_In_PD1408_Non_LiDAR_Annotated\20180517_Night\Stationary\1\ATSBr_Pedestrian_-1m_19Lux_Night_AsphaltGrey_F0_R0_L0_B0.vid,1,521
I:\VIDEO_DATA\D2G1700_OD\VIDEOs\BR_ATS\FE_MP\PD\Recent\New_Cameras_Calibration_20180430\PD173_Added_In_PD1408_Non_LiDAR_Annotated\20180517_Night\Stationary\1\ATSBr_Pedestrian_0m_19Lux_Night_AsphaltGrey_F0_R0_L0_B0_002.vid,1,581
I:\VIDEO_DATA\D2G1700_OD\VIDEOs\BR_ATS\FE_MP\PD\Recent\New_Cameras_Calibration_20180430\PD173_Added_In_PD1408_Non_LiDAR_Annotated\20180517_Night\Stationary\1\ATSBr_Pedestrian_1m_19Lux_Night_AsphaltGrey_F0_R0_L0_B0.vid,1,551
I:\VIDEO_DATA\D2G1700_OD\VIDEOs\BR_ATS\FE_MP\PD\Recent\New_Cameras_Calibration_20180430\PD173_Added_In_PD1408_Non_LiDAR_Annotated\20180517_Night\Stationary\1\ATSBr_Pedestrian_2m_19Lux_Night_AsphaltGrey_F0_R0_L0_B0.vid,1,581
I:\VIDEO_DATA\D2G1700_OD\VIDEOs\BR_ATS\FE_MP\PD\Recent\New_Cameras_Calibration_20180430\PD173_Added_In_PD1408_Non_LiDAR_Annotated\20180517_Night\Stationary\1\ATSBr_Pedestrian_-2m_19Lux_Night_AsphaltGrey_F0_R0_L0_B0.vid,1,541
I:\VIDEO_DATA\D2G1700_OD\VIDEOs\BR_ATS\FE_MP\PD\Recent\New_Cameras_Calibration_20180430\PD173_Added_In_PD1408_Non_LiDAR_Annotated\20180517_Night\Stationary\1\ATSBr_Pedestrian_2m_19Lux_Night_AsphaltGrey_F0_R0_L0_B0_001.vid,1,511
I:\VIDEO_DATA\D2G1700_OD\VIDEOs\BR_ATS\FE_MP\PD\Recent\New_Cameras_Calibration_20180430\PD173_Added_In_PD1408_Non_LiDAR_Annotated\20180517_Night\Stationary\1\ATSBr_Pedestrian_1m_19Lux_Night_AsphaltGrey_F0_R0_L0_B0_001.vid,1,621
I:\VIDEO_DATA\D2G1700_OD\VIDEOs\BR_ATS\FE_MP\PD\Recent\New_Cameras_Calibration_20180430\PD173_Added_In_PD1408_Non_LiDAR_Annotated\20180517_Night\Stationary\1\ATSBr_Pedestrian_-2m_19Lux_Night_AsphaltGrey_F0_R0_L0_B0_001.vid,1,601
I:\VIDEO_DATA\D2G1700_OD\VIDEOs\BR_ATS\FE_MP\PD\Recent\New_Cameras_Calibration_20180430\PD173_Added_In_PD1408_Non_LiDAR_Annotated\20180517_Night\Stationary\1\ATSBr_Pedestrian_-1m_19Lux_Night_AsphaltGrey_F0_R0_L0_B0_001.vid,1,511
I:\VIDEO_DATA\D2G1700_OD\VIDEOs\BR_ATS\FE_MP\PD\Recent\New_Cameras_Calibration_20180430\PD173_Added_In_PD1408_Non_LiDAR_Annotated\20180517_Night\Stationary\1\ATSBr_Pedestrian_0m_19Lux_Night_AsphaltGrey_F0_R0_L0_B0.vid,1,591
I:\VIDEO_DATA\D2G1700_OD\VIDEOs\BR_ATS\FE_MP\PD\Recent\New_Cameras_Calibration_20180430\PD173_Added_In_PD1408_Non_LiDAR_Annotated\20180517_Night\Stationary\2\ATSBr_Pedestrian_2m_16Lux_Night_AsphaltGrey_F0_R0_L0_B0_001.vid,1,531
I:\VIDEO_DATA\D2G1700_OD\VIDEOs\BR_ATS\FE_MP\PD\Recent\New_Cameras_Calibration_20180430\PD173_Added_In_PD1408_Non_LiDAR_Annotated\20180517_Night\Lateral\2\ATSBr_Pedestrian_2m_23Lux_Night_AsphaltGrey_F0_R0_L0_B0.vid,1,691
I:\VIDEO_DATA\D2G1700_OD\VIDEOs\BR_ATS\FE_MP\PD\Recent\New_Cameras_Calibration_20180430\PD173_Added_In_PD1408_Non_LiDAR_Annotated\20180517_Night\Lateral\2\ATSBr_Pedestrian_3m_23Lux_Night_AsphaltGrey_F0_R0_L0_B0_001.vid,1,631
I:\VIDEO_DATA\D2G1700_OD\VIDEOs\BR_ATS\FE_MP\PD\Recent\New_Cameras_Calibration_20180430\PD173_Added_In_PD1408_Non_LiDAR_Annotated\20180517_Night\Lateral\2\ATSBr_Pedestrian_5m_23Lux_Night_AsphaltGrey_F0_R0_L0_B0.vid,1,641
I:\VIDEO_DATA\D2G1700_OD\VIDEOs\BR_ATS\FE_MP\PD\Recent\New_Cameras_Calibration_20180430\PD173_Added_In_PD1408_Non_LiDAR_Annotated\20180517_Night\Lateral\2\ATSBr_Pedestrian_5m_23Lux_Night_AsphaltGrey_F0_R0_L0_B0_001.vid,1,651
I:\VIDEO_DATA\D2G1700_OD\VIDEOs\BR_ATS\FE_MP\PD\Recent\New_Cameras_Calibration_20180430\PD173_Added_In_PD1408_Non_LiDAR_Annotated\20180517_Night\Lateral\2\ATSBr_Pedestrian_3m_23Lux_Night_AsphaltGrey_F0_R0_L0_B0.vid,1,681
I:\VIDEO_DATA\D2G1700_OD\VIDEOs\BR_ATS\FE_MP\PD\Recent\New_Cameras_Calibration_20180430\PD173_Added_In_PD1408_Non_LiDAR_Annotated\20180517_Night\Lateral\2\ATSBr_Pedestrian_4m_23Lux_Night_AsphaltGrey_F0_R0_L0_B0_001.vid,1,631
I:\VIDEO_DATA\D2G1700_OD\VIDEOs\BR_ATS\FE_MP\PD\Recent\New_Cameras_Calibration_20180430\PD173_Added_In_PD1408_Non_LiDAR_Annotated\20180517_Night\Lateral\2\ATSBr_Pedestrian_4m_23Lux_Night_AsphaltGrey_F0_R0_L0_B0.vid,1,691
I:\VIDEO_DATA\D2G1700_OD\VIDEOs\BR_ATS\FE_MP\PD\Recent\New_Cameras_Calibration_20180430\PD173_Added_In_PD1408_Non_LiDAR_Annotated\20180517_Night\Lateral\2\ATSBr_Pedestrian_2m_23Lux_Night_AsphaltGrey_F0_R0_L0_B0_001.vid,1,491
I:\VIDEO_DATA\D2G1700_OD\VIDEOs\BR_ATS\FE_MP\PD\Recent\New_Cameras_Calibration_20180430\PD173_Added_In_PD1408_Non_LiDAR_Annotated\20180517_Night\Lateral\2\ATSBr_Pedestrian_1m_23Lux_Night_AsphaltGrey_F0_R0_L0_B0_001.vid,1,641
I:\VIDEO_DATA\D2G1700_OD\VIDEOs\BR_ATS\FE_MP\PD\Recent\New_Cameras_Calibration_20180430\PD173_Added_In_PD1408_Non_LiDAR_Annotated\20180517_Night\Lateral\2\ATSBr_Pedestrian_1m_23Lux_Night_AsphaltGrey_F0_R0_L0_B0.vid,1,551
I:\VIDEO_DATA\D2G1700_OD\VIDEOs\BR_ATS\FE_MP\PD\Recent\New_Cameras_Calibration_20180430\PD173_Added_In_PD1408_Non_LiDAR_Annotated\20180517_Night\Longitudinal\1\ATSBr_Pedestrian_-1m_29Lux_Night_AsphaltGrey_F0_R0_L0_B0_001.vid,1,531
I:\VIDEO_DATA\D2G1700_OD\VIDEOs\BR_ATS\FE_MP\PD\Recent\New_Cameras_Calibration_20180430\PD173_Added_In_PD1408_Non_LiDAR_Annotated\20180517_Night\Longitudinal\2\ATSBr_Pedestrian_0m_24Lux_Night_AsphaltGrey_F0_R0_L0_B0.vid,1,431
I:\VIDEO_DATA\D2G1700_OD\VIDEOs\BR_ATS\FE_MP\PD\Recent\New_Cameras_Calibration_20180430\PD173_Added_In_PD1408_Non_LiDAR_Annotated\20180517_Night\Longitudinal\2\ATSBr_Pedestrian_2m_24Lux_Night_AsphaltGrey_F0_R0_L0_B0.vid,1,451
I:\VIDEO_DATA\D2G1700_OD\VIDEOs\BR_ATS\FE_MP\PD\Recent\New_Cameras_Calibration_20180430\PD173_Added_In_PD1408_Non_LiDAR_Annotated\20180517_Night\Longitudinal\2\ATSBr_Pedestrian_-2m_24Lux_Night_AsphaltGrey_F0_R0_L0_B0.vid,1,441
I:\VIDEO_DATA\D2G1700_OD\VIDEOs\BR_ATS\FE_MP\PD\Recent\New_Cameras_Calibration_20180430\PD173_Added_In_PD1408_Non_LiDAR_Annotated\20180517_Night\Longitudinal\2\ATSBr_Pedestrian_3m_24Lux_Night_AsphaltGrey_F0_R0_L0_B0_001.vid,1,401
I:\VIDEO_DATA\D2G1700_OD\VIDEOs\BR_ATS\FE_MP\PD\Recent\New_Cameras_Calibration_20180430\PD173_Added_In_PD1408_Non_LiDAR_Annotated\20180517_Night\Longitudinal\2\ATSBr_Pedestrian_0m_24Lux_Night_AsphaltGrey_F0_R0_L0_B0_001.vid,1,391
I:\VIDEO_DATA\D2G1700_OD\VIDEOs\BR_ATS\FE_MP\PD\Recent\New_Cameras_Calibration_20180430\PD173_Added_In_PD1408_Non_LiDAR_Annotated\20180517_Night\Longitudinal\2\ATSBr_Pedestrian_-1m_24Lux_Night_AsphaltGrey_F0_R0_L0_B0.vid,1,441
I:\VIDEO_DATA\D2G1700_OD\VIDEOs\BR_ATS\FE_MP\PD\Recent\New_Cameras_Calibration_20180430\PD173_Added_In_PD1408_Non_LiDAR_Annotated\20180517_Night\Longitudinal\2\ATSBr_Pedestrian_1m_24Lux_Night_AsphaltGrey_F0_R0_L0_B0_001.vid,1,401
I:\VIDEO_DATA\D2G1700_OD\VIDEOs\BR_ATS\FE_MP\PD\Recent\New_Cameras_Calibration_20180430\PD173_Added_In_PD1408_Non_LiDAR_Annotated\20180517_Night\Longitudinal\2\ATSBr_Pedestrian_2m_24Lux_Night_AsphaltGrey_F0_R0_L0_B0_001.vid,1,381
I:\VIDEO_DATA\D2G1700_OD\VIDEOs\BR_ATS\FE_MP\PD\Recent\New_Cameras_Calibration_20180430\PD173_Added_In_PD1408_Non_LiDAR_Annotated\20180517_Night\Longitudinal\2\ATSBr_Pedestrian_4m_24Lux_Night_AsphaltGrey_F0_R0_L0_B0.vid,1,431
I:\VIDEO_DATA\D2G1700_OD\VIDEOs\BR_ATS\FE_MP\PD\Recent\New_Cameras_Calibration_20180430\PD173_Added_In_PD1408_Non_LiDAR_Annotated\20180517_Night\Longitudinal\2\ATSBr_Pedestrian_-4m_24Lux_Night_AsphaltGrey_F0_R0_L0_B0.vid,1,441
I:\VIDEO_DATA\D2G1700_OD\VIDEOs\BR_ATS\FE_MP\PD\Recent\New_Cameras_Calibration_20180430\PD173_Added_In_PD1408_Non_LiDAR_Annotated\20180517_Night\Longitudinal\2\ATSBr_Pedestrian_1m_24Lux_Night_AsphaltGrey_F0_R0_L0_B0.vid,1,431
I:\VIDEO_DATA\D2G1700_OD\VIDEOs\BR_ATS\FE_MP\PD\Recent\New_Cameras_Calibration_20180430\PD173_Added_In_PD1408_Non_LiDAR_Annotated\20180517_Night\Longitudinal\2\ATSBr_Pedestrian_3m_24Lux_Night_AsphaltGrey_F0_R0_L0_B0.vid,1,441
I:\VIDEO_DATA\D2G1700_OD\VIDEOs\BR_ATS\FE_MP\PD\Recent\New_Cameras_Calibration_20180430\PD173_Added_In_PD1408_Non_LiDAR_Annotated\20180517_Night\Longitudinal\2\ATSBr_Pedestrian_-3m_24Lux_Night_AsphaltGrey_F0_R0_L0_B0.vid,1,461
I:\VIDEO_DATA\D2G1700_OD\VIDEOs\BR_ATS\FE_MP\PD\Recent\New_Cameras_Calibration_20180430\PD173_Added_In_PD1408_Non_LiDAR_Annotated\20180517_Night\Longitudinal\2\ATSBr_Pedestrian_4m_24Lux_Night_AsphaltGrey_F0_R0_L0_B0_001.vid,1,391
I:\VIDEO_DATA\D2G1700_OD\VIDEOs\BR_ATS\FE_MP\PD\Recent\New_Cameras_Calibration_20180430\PD173_Added_In_PD1408_Non_LiDAR_Annotated\20180517_Night\Longitudinal\2\ATSBr_Pedestrian_-1m_24Lux_Night_AsphaltGrey_F0_R0_L0_B0_001.vid,1,391
